SolutionID;StartNode;ObjectiveValue;NodeIndices
1;0;71488.00;0 117 143 183 89 186 23 137 176 80 79 63 94 124 152 97 1 101 2 120 129 55 49 102 148 9 62 144 14 178 106 165 90 81 196 40 119 185 52 57 92 179 145 78 31 56 113 175 171 16 25 44 75 86 26 100 53 154 180 135 70 127 123 162 133 151 51 118 59 65 116 43 184 35 84 112 4 190 10 177 30 54 48 160 34 146 22 18 108 69 159 181 42 5 115 41 193 139 68 46
2;1;72752.00;1 101 2 120 129 57 92 179 145 78 31 56 113 175 171 16 25 44 75 86 53 154 70 135 180 63 79 133 51 118 59 115 46 68 139 193 41 5 42 181 159 69 108 18 22 146 34 160 48 54 177 10 190 4 112 84 35 184 43 116 65 131 149 123 127 162 151 80 176 137 23 183 89 186 15 9 62 144 14 138 165 90 81 196 40 119 185 55 52 106 178 49 102 148 124 94 100 26 97 152
3;2;72639.00;2 75 86 26 94 63 79 80 137 23 89 183 143 0 176 133 151 51 118 59 115 46 68 139 193 41 5 42 181 159 69 108 18 22 146 34 160 48 54 30 177 10 190 4 112 84 35 184 43 116 65 131 149 162 123 127 70 135 154 180 53 100 101 1 97 152 129 55 49 102 148 9 62 144 14 3 178 106 165 90 81 196 40 119 185 52 57 92 179 145 78 31 56 113 175 171 16 25 44 120
4;3;72238.00;3 14 144 62 9 148 102 49 178 106 52 55 57 92 129 152 97 1 101 100 53 180 154 135 70 127 123 162 149 131 65 116 43 184 35 84 112 4 190 10 177 30 54 48 160 34 146 22 18 108 69 159 181 42 5 41 193 139 68 46 115 59 118 51 151 133 176 0 143 183 89 23 137 80 79 63 94 26 86 75 2 120 44 25 16 171 175 113 56 31 78 145 179 185 119 40 196 81 90 165
5;4;71761.00;4 112 127 123 162 151 133 135 70 180 154 53 100 26 86 75 44 25 16 171 175 113 56 31 78 145 179 92 57 52 185 119 40 196 81 90 165 106 178 14 144 62 9 148 102 49 55 129 120 2 101 1 97 152 124 94 63 79 80 176 137 23 186 89 183 143 117 0 51 118 59 65 116 43 42 5 115 46 68 139 41 193 159 69 108 18 22 146 181 34 160 48 54 30 177 10 190 184 35 84
6;5;71891.00;5 43 116 65 131 149 123 127 162 151 133 135 70 180 154 53 100 26 86 75 44 25 16 171 175 113 56 31 78 145 179 92 57 52 185 119 40 196 81 90 165 106 178 14 144 62 9 148 102 49 55 129 120 2 101 1 97 152 124 94 63 79 80 176 137 23 186 89 183 143 117 0 51 59 118 115 46 68 139 41 193 159 69 108 18 22 146 181 34 160 48 54 177 10 190 4 112 84 184 42
7;6;73061.00;6 154 53 100 26 86 75 44 25 16 171 175 113 56 31 78 145 179 92 57 52 185 119 40 196 81 90 165 106 178 14 144 62 9 148 102 49 55 129 120 2 101 1 97 152 124 94 63 79 80 176 137 23 186 89 183 143 117 0 51 118 59 115 46 68 139 193 41 5 42 181 159 69 108 18 22 146 34 160 48 54 177 10 190 112 84 184 43 116 65 131 149 123 127 162 151 133 180 70 135
8;7;73373.00;7 95 39 165 138 14 144 62 9 148 102 49 178 106 52 55 57 92 129 152 97 1 101 100 53 180 154 135 70 127 123 162 149 131 65 116 43 184 35 84 112 4 190 10 177 30 54 48 160 34 146 22 18 108 69 159 181 42 5 41 193 139 68 46 115 59 118 51 151 133 176 137 80 79 63 94 26 86 75 2 120 44 25 16 171 175 113 56 31 78 145 179 185 119 40 196 81 90 27 164
9;8;72839.00;8 165 90 81 196 40 119 185 179 145 78 31 56 113 175 171 16 25 44 120 2 75 86 26 94 63 79 80 137 23 89 183 143 176 133 151 51 118 59 115 46 68 139 193 41 5 42 181 159 69 108 18 22 146 34 160 48 54 30 177 10 190 4 112 84 35 184 43 116 65 131 149 162 123 127 70 135 154 180 53 100 101 1 97 152 129 92 57 55 52 106 178 49 102 148 9 62 144 14 138
10;9;71948.00;9 148 102 49 178 106 52 55 57 92 129 152 97 1 101 100 53 180 154 135 70 127 123 162 149 131 65 116 43 184 35 84 112 4 190 10 177 30 54 48 160 34 146 22 18 108 69 159 181 42 5 41 193 139 68 46 115 59 118 51 151 133 176 0 143 183 89 23 137 80 79 63 94 26 86 75 2 120 44 25 16 171 175 113 56 31 78 145 179 185 119 40 196 81 90 165 138 14 144 62
11;10;72475.00;10 190 4 112 84 35 184 43 65 131 149 123 127 162 151 133 135 70 180 154 53 100 26 86 75 44 25 16 171 175 113 56 31 78 145 179 92 57 52 185 119 40 196 81 90 165 106 178 14 144 62 9 148 102 49 55 129 120 2 101 1 97 152 124 94 63 79 80 176 137 23 186 89 183 143 117 0 51 59 118 115 46 68 139 69 108 18 22 146 159 193 41 116 42 181 160 34 48 54 177
12;11;73415.00;11 35 84 4 112 127 123 162 133 135 70 180 154 53 100 26 86 75 44 25 16 171 175 113 56 31 78 145 179 92 57 52 185 40 196 81 90 165 106 178 14 144 62 9 148 102 49 55 129 120 2 101 1 97 152 124 94 63 79 80 176 137 23 186 89 183 143 117 0 51 151 149 131 65 59 118 115 46 68 139 193 41 116 43 42 181 159 69 108 18 22 146 34 160 48 54 177 10 190 184
13;12;73023.00;12 124 94 152 97 1 101 2 120 129 57 92 179 145 78 31 56 113 175 171 16 25 44 75 86 26 100 53 154 70 135 180 63 79 133 51 118 59 115 46 68 139 193 41 5 42 181 159 69 108 18 22 146 34 160 48 54 177 10 190 4 112 84 184 43 116 65 131 149 123 127 162 151 80 176 137 23 183 89 186 15 9 62 144 14 138 165 90 81 196 40 119 185 55 52 106 178 49 102 148
14;13;74119.00;13 31 145 78 179 92 57 52 185 119 40 196 81 90 165 106 178 3 14 144 62 9 148 102 49 55 129 152 97 1 101 100 53 180 154 135 70 127 123 162 149 131 65 116 43 184 35 84 112 4 190 10 177 30 54 48 160 34 146 22 18 108 69 159 181 42 5 41 193 139 68 46 115 59 118 51 151 133 176 143 183 89 23 137 80 79 63 94 26 86 75 2 120 44 25 16 171 175 113 56
15;14;71948.00;14 144 62 9 148 102 49 178 106 52 55 57 92 129 152 97 1 101 100 53 180 154 135 70 127 123 162 149 131 65 116 43 184 35 84 112 4 190 10 177 30 54 48 160 34 146 22 18 108 69 159 181 42 5 41 193 139 68 46 115 59 118 51 151 133 176 0 143 183 89 23 137 80 79 63 94 26 86 75 2 120 44 25 16 171 175 113 56 31 78 145 179 185 119 40 196 81 90 165 138
16;15;72594.00;15 144 14 138 165 90 81 196 40 119 185 179 145 78 31 56 113 175 171 16 25 44 120 2 75 86 26 94 63 79 80 137 23 89 183 143 176 133 151 51 118 59 115 46 68 139 193 41 5 42 181 159 69 108 18 22 146 34 160 48 54 30 177 10 190 4 112 84 35 184 43 116 65 131 149 162 123 127 70 135 154 180 53 100 101 1 97 152 129 92 57 55 52 106 178 49 102 62 9 148
17;16;72815.00;16 25 44 120 2 75 86 26 94 63 79 80 137 23 89 183 143 0 176 133 151 51 118 59 115 46 68 139 193 41 5 42 181 159 69 108 18 22 146 34 160 48 54 30 177 10 190 4 112 84 35 184 43 116 65 131 149 162 123 127 70 135 154 180 53 100 101 1 97 152 129 55 49 102 148 9 62 144 14 3 178 106 165 90 81 196 40 119 185 52 57 92 179 78 145 31 56 113 175 171
18;17;73649.00;17 196 81 90 40 119 165 185 106 178 3 14 144 62 9 148 102 49 52 55 57 179 145 78 92 129 152 97 1 101 100 53 180 154 135 70 127 123 162 149 131 65 116 43 184 35 84 112 4 190 10 177 30 54 48 160 34 146 22 18 108 69 159 181 42 5 41 193 139 68 46 115 59 118 51 151 133 176 183 89 23 137 80 79 63 94 26 86 75 2 120 44 25 16 171 175 113 56 31 157
19;18;72049.00;18 22 146 159 41 193 5 42 181 34 160 48 54 177 10 190 4 112 84 184 43 116 65 131 149 123 127 162 151 133 135 70 180 154 53 100 26 86 75 44 25 16 171 175 113 56 31 78 145 179 92 57 52 185 119 40 196 81 90 165 106 178 14 144 62 9 148 102 49 55 129 120 2 101 1 97 152 124 94 63 79 80 176 137 23 186 89 183 143 117 0 51 59 118 115 46 68 139 69 108
20;19;73058.00;19 94 124 148 102 49 178 106 52 55 185 119 40 196 81 90 165 138 14 144 62 9 15 186 89 183 23 137 176 80 151 162 127 123 149 131 65 116 43 184 84 112 4 190 10 177 54 48 160 34 146 22 18 108 69 159 181 42 5 41 193 139 68 46 115 59 118 51 133 79 63 180 135 70 154 53 100 26 86 75 44 25 16 171 175 113 56 31 78 145 179 92 57 129 120 2 101 1 97 152
21;20;72584.00;20 22 146 159 41 193 5 42 181 34 160 48 54 177 10 190 112 84 184 43 116 65 131 149 123 127 162 151 133 135 70 180 154 53 100 26 86 75 44 25 16 171 175 113 56 31 78 145 179 92 57 52 185 119 40 196 81 90 165 106 178 14 144 62 9 148 102 49 55 129 120 2 101 1 97 152 124 94 63 79 80 176 137 23 186 89 183 143 117 0 51 59 118 115 46 68 139 69 108 18
22;21;72980.00;21 14 138 165 90 81 196 40 119 185 179 145 78 31 56 113 175 171 16 25 44 120 2 75 86 26 94 63 79 80 137 23 89 183 143 176 133 151 51 118 59 115 46 68 139 193 41 5 42 181 159 69 108 18 22 146 34 160 48 54 30 177 10 190 4 112 84 35 184 43 116 65 131 149 162 123 127 70 135 154 180 53 100 101 1 97 152 129 92 57 55 52 106 178 49 102 148 9 62 144
23;22;71926.00;22 18 108 69 139 68 46 115 118 59 51 0 117 143 183 89 186 23 137 176 80 79 63 94 124 152 97 1 101 2 120 129 55 49 102 148 9 62 144 14 178 106 165 90 81 196 40 119 185 52 57 92 179 145 78 31 56 113 175 171 16 25 44 75 86 26 100 53 154 180 70 135 133 151 162 127 123 149 131 65 116 43 184 84 112 4 190 10 177 54 48 160 34 181 42 5 41 193 159 146
24;23;72462.00;23 137 186 15 9 62 144 14 138 165 90 81 196 40 119 185 55 52 106 178 49 102 148 124 94 152 97 1 101 2 120 129 57 92 179 145 78 31 56 113 175 171 16 25 44 75 86 26 100 53 154 70 135 180 63 79 133 51 118 59 115 46 68 139 193 41 5 42 181 159 69 108 18 22 146 34 160 48 54 177 10 190 84 184 43 116 65 131 149 123 127 162 151 80 176 0 117 143 183 89
25;24;72702.00;24 149 131 116 65 43 184 84 112 190 10 177 54 48 160 34 146 22 18 108 69 159 181 42 5 41 193 139 68 46 115 59 118 51 0 117 143 183 89 186 23 137 176 80 79 63 94 124 152 97 1 101 2 120 129 55 49 102 148 9 62 144 14 178 106 165 90 81 196 40 119 185 52 57 92 179 145 78 31 56 113 175 171 16 25 44 75 86 26 100 53 154 180 70 135 133 151 162 127 123
26;25;72639.00;25 44 120 2 75 86 26 94 63 79 80 137 23 89 183 143 0 176 133 151 51 118 59 115 46 68 139 193 41 5 42 181 159 69 108 18 22 146 34 160 48 54 30 177 10 190 4 112 84 35 184 43 116 65 131 149 162 123 127 70 135 154 180 53 100 101 1 97 152 129 55 49 102 148 9 62 144 14 3 178 106 165 90 81 196 40 119 185 52 57 92 179 145 78 31 56 113 175 171 16
27;26;72742.00;26 97 1 101 2 120 129 57 92 179 145 78 31 56 113 175 171 16 25 44 75 86 53 154 70 135 180 63 79 133 51 118 59 115 46 68 139 193 41 5 42 181 159 69 108 18 22 146 34 160 48 54 177 10 190 4 112 84 35 184 43 116 65 131 149 123 127 162 151 80 176 137 23 183 89 186 15 9 62 144 14 138 165 90 81 196 40 119 185 55 52 106 178 49 102 148 124 94 152 100
28;27;72747.00;27 39 165 138 14 144 62 9 148 102 49 178 106 52 55 57 92 129 152 97 1 101 100 53 180 154 135 70 127 123 162 149 131 65 116 43 184 35 84 112 4 190 10 177 30 54 48 160 34 146 22 18 108 69 159 181 42 5 41 193 139 68 46 115 59 118 51 151 133 176 183 89 23 137 80 79 63 94 26 86 75 2 120 44 25 16 171 175 113 56 31 78 145 179 185 119 40 196 81 90
29;28;72920.00;28 43 65 131 149 123 127 162 151 133 135 70 180 154 53 100 26 86 75 44 25 16 171 175 113 56 31 78 145 179 92 57 52 185 119 40 196 81 90 165 106 178 14 144 62 9 148 102 49 55 129 120 2 101 1 97 152 124 94 63 79 80 176 137 23 186 89 183 143 117 0 51 59 118 115 46 68 139 193 41 116 42 181 159 69 108 18 22 146 34 160 48 54 177 10 190 4 112 84 184
30;29;72143.00;29 112 4 84 35 184 190 10 177 54 48 160 34 181 146 22 18 108 69 159 193 41 139 68 46 115 5 42 43 116 65 59 118 51 0 117 143 183 89 186 23 137 176 80 79 63 94 124 152 97 1 101 2 120 129 55 49 102 148 9 62 144 14 178 106 165 90 81 196 40 119 185 52 57 92 179 145 78 31 56 113 175 171 16 25 44 75 86 26 100 53 154 180 70 135 133 151 162 123 127
31;30;72520.00;30 54 177 10 190 4 112 84 184 43 65 131 149 123 127 162 151 133 135 70 180 154 53 100 26 86 75 44 25 16 171 175 113 56 31 78 145 179 92 57 52 185 119 40 196 81 90 165 106 178 14 144 62 9 148 102 49 55 129 120 2 101 1 97 152 124 94 63 79 80 176 137 23 186 89 183 143 117 0 51 59 118 115 46 68 139 69 108 18 22 146 159 193 41 116 42 181 160 34 48
32;31;72815.00;31 145 78 179 92 57 52 185 119 40 196 81 90 165 106 178 3 14 144 62 9 148 102 49 55 129 152 97 1 101 100 53 180 154 135 70 127 123 162 149 131 65 116 43 184 35 84 112 4 190 10 177 30 54 48 160 34 146 22 18 108 69 159 181 42 5 41 193 139 68 46 115 59 118 51 151 133 176 0 143 183 89 23 137 80 79 63 94 26 86 75 2 120 44 25 16 171 175 113 56
33;32;73131.00;32 14 144 62 9 148 102 49 178 106 52 55 57 92 129 152 97 1 101 100 53 180 154 135 70 127 123 162 149 131 65 116 43 184 35 84 112 4 190 10 177 30 54 48 160 34 146 22 18 108 69 159 181 42 5 41 193 139 68 46 115 59 118 51 151 133 176 143 183 89 23 137 80 79 63 94 26 86 75 2 120 44 25 16 171 175 113 56 31 78 145 179 185 119 40 196 81 90 165 138
34;33;73257.00;33 102 49 178 106 52 55 57 92 129 152 97 1 101 100 53 180 154 135 70 127 123 162 149 131 65 116 43 184 35 84 112 4 190 10 177 30 54 48 160 34 146 22 18 108 69 159 181 42 5 41 193 139 68 46 115 59 118 51 151 133 176 143 183 89 23 137 80 79 63 94 26 86 75 2 120 44 25 16 171 175 113 56 31 78 145 179 185 119 40 196 81 90 165 138 14 144 62 9 148
35;34;71773.00;34 181 146 22 18 108 69 159 193 41 139 68 46 115 118 59 51 0 117 143 183 89 186 23 137 176 80 79 63 94 124 152 97 1 101 2 120 129 55 49 102 148 9 62 144 14 178 106 165 90 81 196 40 119 185 52 57 92 179 145 78 31 56 113 175 171 16 25 44 75 86 26 100 53 154 180 70 135 133 151 162 127 123 149 131 65 116 43 42 184 35 84 112 4 190 10 177 54 48 160
36;35;71761.00;35 84 4 112 127 123 162 151 133 135 70 180 154 53 100 26 86 75 44 25 16 171 175 113 56 31 78 145 179 92 57 52 185 119 40 196 81 90 165 106 178 14 144 62 9 148 102 49 55 129 120 2 101 1 97 152 124 94 63 79 80 176 137 23 186 89 183 143 117 0 51 118 59 65 116 43 42 5 115 46 68 139 41 193 159 69 108 18 22 146 181 34 160 48 54 30 177 10 190 184
37;36;72530.00;36 108 69 18 22 146 159 193 41 5 42 181 34 160 48 54 177 10 190 184 43 116 65 131 149 123 127 162 151 133 135 70 180 154 53 100 26 86 75 44 25 16 171 175 113 56 31 78 145 179 92 57 52 185 119 40 196 81 90 165 106 178 14 144 62 9 148 102 49 55 129 120 2 101 1 97 152 124 94 63 79 80 176 137 23 186 89 183 143 117 0 51 59 118 115 46 139 68 93 140
38;37;72671.00;37 102 49 178 106 52 55 57 92 129 152 97 1 101 100 53 180 154 135 70 127 123 162 149 131 65 116 43 184 35 84 112 4 190 10 177 30 54 48 160 34 146 22 18 108 69 159 181 42 5 41 193 139 68 46 115 59 118 51 151 133 176 143 183 89 23 137 80 79 63 94 26 86 75 2 120 44 25 16 171 175 113 56 31 78 145 179 185 119 40 196 81 90 165 138 14 144 62 9 148
39;38;73894.00;38 145 78 179 92 57 52 185 119 40 196 81 90 165 106 178 3 14 144 62 9 148 102 49 55 129 152 97 1 101 100 53 180 154 135 70 127 123 162 149 131 65 116 43 184 35 84 112 4 190 10 177 30 54 48 160 34 146 22 18 108 69 159 181 42 5 41 193 139 68 46 115 59 118 51 151 133 176 143 183 89 23 137 80 79 63 94 26 86 75 2 120 44 25 16 171 175 113 56 31
40;39;72747.00;39 27 90 81 196 40 119 185 179 145 78 31 56 113 175 171 16 25 44 120 2 75 86 26 94 63 79 80 137 23 89 183 176 133 151 51 118 59 115 46 68 139 193 41 5 42 181 159 69 108 18 22 146 34 160 48 54 30 177 10 190 4 112 84 35 184 43 116 65 131 149 162 123 127 70 135 154 180 53 100 101 1 97 152 129 92 57 55 52 106 178 49 102 148 9 62 144 14 138 165
41;40;71948.00;40 196 81 90 165 138 14 144 62 9 148 102 49 178 106 52 55 57 92 129 152 97 1 101 100 53 180 154 135 70 127 123 162 149 131 65 116 43 184 35 84 112 4 190 10 177 30 54 48 160 34 146 22 18 108 69 159 181 42 5 41 193 139 68 46 115 59 118 51 151 133 176 0 143 183 89 23 137 80 79 63 94 26 86 75 2 120 44 25 16 171 175 113 56 31 78 145 179 185 119
42;41;72081.00;41 5 42 181 159 69 108 18 22 146 34 160 48 54 177 10 190 4 112 84 184 43 116 65 131 149 123 127 162 151 133 135 70 180 154 53 100 26 86 75 44 25 16 171 175 113 56 31 78 145 179 92 57 52 185 119 40 196 81 90 165 106 178 14 144 62 9 148 102 49 55 129 120 2 101 1 97 152 124 94 63 79 80 176 137 23 186 89 183 143 117 0 51 59 118 115 46 68 139 193
43;42;72129.00;42 181 159 69 108 18 22 146 34 160 48 54 177 10 190 4 112 84 184 43 116 65 131 149 123 127 162 151 133 135 70 180 154 53 100 26 86 75 44 25 16 171 175 113 56 31 78 145 179 92 57 52 185 119 40 196 81 90 165 106 178 14 144 62 9 148 102 49 55 129 120 2 101 1 97 152 124 94 63 79 80 176 137 23 186 89 183 143 117 0 51 59 118 115 46 68 139 41 193 5
44;43;72535.00;43 65 131 149 123 127 162 151 133 135 70 180 154 53 100 26 86 75 44 25 16 171 175 113 56 31 78 145 179 92 57 52 185 119 40 196 81 90 165 106 178 14 144 62 9 148 102 49 55 129 120 2 101 1 97 152 124 94 63 79 80 176 137 23 186 89 183 143 117 0 51 59 118 115 46 68 139 193 41 116 42 181 159 69 108 18 22 146 34 160 48 54 177 10 190 4 112 84 35 184
45;44;72639.00;44 25 16 171 175 113 56 31 78 145 179 92 57 52 185 119 40 196 81 90 165 106 178 3 14 144 62 9 148 102 49 55 129 152 97 1 101 100 53 180 154 135 70 127 123 162 149 131 65 116 43 184 35 84 112 4 190 10 177 30 54 48 160 34 146 22 18 108 69 159 181 42 5 41 193 139 68 46 115 59 118 51 151 133 176 0 143 183 89 23 137 80 79 63 94 26 86 75 2 120
46;45;73176.00;45 162 133 123 127 70 135 180 154 53 100 26 86 75 44 25 16 171 175 113 56 31 78 145 179 92 57 52 185 119 40 196 81 90 165 106 178 14 144 62 9 148 102 49 55 129 120 2 101 1 97 152 124 94 63 79 80 176 137 23 186 89 183 143 117 0 51 118 59 115 46 68 139 193 41 5 42 181 159 69 108 18 22 146 34 160 48 54 177 10 190 112 84 184 43 116 65 131 149 151
47;46;72081.00;46 115 118 59 51 0 117 143 183 89 186 23 137 176 80 79 63 94 124 152 97 1 101 2 120 129 55 49 102 148 9 62 144 14 178 106 165 90 81 196 40 119 185 52 57 92 179 145 78 31 56 113 175 171 16 25 44 75 86 26 100 53 154 180 70 135 133 151 162 127 123 149 131 65 116 43 184 84 112 4 190 10 177 54 48 160 34 146 22 18 108 69 159 181 42 5 41 193 139 68
48;47;72432.00;47 116 43 184 84 112 190 10 177 54 48 160 34 146 22 18 108 69 159 181 42 5 41 193 139 68 46 115 118 59 51 0 117 143 183 89 186 23 137 176 80 79 63 94 124 152 97 1 101 2 120 129 55 49 102 148 9 62 144 14 178 106 165 90 81 196 40 119 185 52 57 92 179 145 78 31 56 113 175 171 16 25 44 75 86 26 100 53 154 180 70 135 133 151 162 127 123 149 131 65
49;48;72712.00;48 34 160 181 42 43 116 41 193 159 146 22 18 108 69 139 68 46 115 118 59 65 131 149 151 51 0 117 143 183 89 186 23 137 176 80 79 63 94 124 152 97 1 101 2 120 129 55 49 102 148 9 62 144 14 178 106 165 90 81 196 40 119 185 52 57 92 179 145 78 31 56 113 175 171 16 25 44 75 86 26 100 53 154 180 70 135 133 162 123 127 112 4 84 35 184 190 10 177 54
50;49;71948.00;49 178 106 52 55 57 92 129 152 97 1 101 100 53 180 154 135 70 127 123 162 149 131 65 116 43 184 35 84 112 4 190 10 177 30 54 48 160 34 146 22 18 108 69 159 181 42 5 41 193 139 68 46 115 59 118 51 151 133 176 0 143 183 89 23 137 80 79 63 94 26 86 75 2 120 44 25 16 171 175 113 56 31 78 145 179 185 119 40 196 81 90 165 138 14 144 62 9 148 102
51;50;74350.00;50 175 171 16 25 44 120 2 75 86 26 94 63 79 80 137 23 89 183 143 176 133 151 51 118 59 115 46 68 139 193 41 5 42 181 159 69 108 18 22 146 34 160 48 54 30 177 10 190 4 112 84 35 184 43 116 65 131 149 162 123 127 70 135 154 180 53 100 101 1 97 152 129 55 49 102 148 9 62 144 14 3 178 106 165 90 81 196 40 119 185 52 57 92 179 78 145 31 56 113
52;51;72022.00;51 118 59 115 46 68 139 193 41 5 42 181 159 69 108 18 22 146 34 160 48 54 177 10 190 4 112 84 184 43 116 65 131 149 123 127 162 151 133 135 70 180 154 53 100 26 86 75 44 25 16 171 175 113 56 31 78 145 179 92 57 52 185 119 40 196 81 90 165 106 178 14 144 62 9 148 102 49 55 129 120 2 101 1 97 152 124 94 63 79 80 176 137 23 186 89 183 143 117 0
53;52;72326.00;52 55 49 102 148 9 62 144 14 3 178 106 165 90 81 196 40 119 185 179 145 78 31 56 113 175 171 16 25 44 120 2 75 86 26 94 63 79 80 137 23 89 183 143 0 176 133 151 51 118 59 115 46 68 139 193 41 5 42 181 159 69 108 18 22 146 34 160 48 54 30 177 10 190 4 112 84 35 184 43 116 65 131 149 162 123 127 70 135 154 180 53 100 101 1 97 152 129 92 57
54;53;72087.00;53 154 70 135 180 133 151 162 127 123 149 131 65 116 43 184 84 112 4 190 10 177 54 48 160 34 146 22 18 108 69 159 181 42 5 41 193 139 68 46 115 59 118 51 0 117 143 183 89 186 23 137 176 80 79 63 94 124 152 97 1 101 2 120 129 55 49 102 148 9 62 144 14 178 106 165 90 81 196 40 119 185 52 57 92 179 145 78 31 56 113 175 171 16 25 44 75 86 26 100
55;54;72712.00;54 48 34 160 181 42 43 116 41 193 159 146 22 18 108 69 139 68 46 115 118 59 65 131 149 151 51 0 117 143 183 89 186 23 137 176 80 79 63 94 124 152 97 1 101 2 120 129 55 49 102 148 9 62 144 14 178 106 165 90 81 196 40 119 185 52 57 92 179 145 78 31 56 113 175 171 16 25 44 75 86 26 100 53 154 180 70 135 133 162 123 127 112 4 84 35 184 190 10 177
56;55;72242.00;55 52 49 102 148 9 62 144 14 3 178 106 165 90 81 196 40 119 185 179 145 78 31 56 113 175 171 16 25 44 120 2 75 86 26 94 63 79 80 137 23 89 183 143 0 176 133 151 51 118 59 115 46 68 139 193 41 5 42 181 159 69 108 18 22 146 34 160 48 54 30 177 10 190 4 112 84 35 184 43 116 65 131 149 162 123 127 70 135 154 180 53 100 101 1 97 152 129 92 57
57;56;72815.00;56 31 145 78 179 92 57 52 185 119 40 196 81 90 165 106 178 3 14 144 62 9 148 102 49 55 129 152 97 1 101 100 53 180 154 135 70 127 123 162 149 131 65 116 43 184 35 84 112 4 190 10 177 30 54 48 160 34 146 22 18 108 69 159 181 42 5 41 193 139 68 46 115 59 118 51 151 133 176 0 143 183 89 23 137 80 79 63 94 26 86 75 2 120 44 25 16 171 175 113
58;57;71987.00;57 55 52 49 102 148 9 62 144 14 3 178 106 185 165 119 40 90 81 196 179 145 78 31 56 113 175 171 16 25 44 120 2 75 86 26 94 63 79 80 137 23 89 183 143 0 176 133 151 51 118 59 115 46 68 139 193 41 5 42 181 159 69 108 18 22 146 34 160 48 54 30 177 10 190 4 112 84 35 184 43 116 65 131 149 162 123 127 70 135 154 180 53 100 101 1 97 152 129 92
59;58;73532.00;58 27 90 81 196 40 119 185 179 145 78 31 56 113 175 171 16 25 44 120 2 75 86 26 94 63 79 80 137 176 133 151 51 118 59 115 46 68 139 193 41 5 42 181 159 69 108 18 22 146 34 160 48 54 177 10 190 4 112 84 35 184 43 116 65 131 149 162 123 127 70 135 154 180 53 100 101 1 97 152 129 92 57 55 52 106 178 49 102 148 9 62 144 14 138 165 39 95 7 164
60;59;72081.00;59 118 115 46 68 139 193 41 5 42 181 159 69 108 18 22 146 34 160 48 54 177 10 190 4 112 84 184 43 116 65 131 149 123 127 162 151 133 135 70 180 154 53 100 26 86 75 44 25 16 171 175 113 56 31 78 145 179 92 57 52 185 119 40 196 81 90 165 106 178 14 144 62 9 148 102 49 55 129 120 2 101 1 97 152 124 94 63 79 80 176 137 23 186 89 183 143 117 0 51
61;60;72818.00;60 46 115 139 193 41 5 42 181 159 69 108 18 22 146 34 160 48 54 30 177 10 190 4 112 84 35 184 43 116 65 59 118 151 133 162 123 127 70 135 180 154 53 100 26 86 75 44 25 16 171 175 113 56 31 78 145 179 92 57 52 185 119 40 196 81 90 165 106 178 14 144 62 9 148 102 49 55 129 120 2 101 1 97 152 124 94 63 79 80 176 137 23 186 89 183 143 117 0 51
62;61;73475.00;61 144 14 138 165 90 81 196 40 119 185 179 145 78 31 56 113 175 171 16 25 44 120 2 75 86 26 94 63 79 80 137 23 89 183 143 176 133 151 51 118 59 115 46 68 139 193 41 5 42 181 159 69 108 18 22 146 34 160 48 54 30 177 10 190 4 112 84 35 184 43 116 65 131 149 162 123 127 70 135 154 180 53 100 101 1 97 152 129 92 57 55 52 106 178 49 102 148 62 9
63;62;71948.00;62 144 14 138 165 90 81 196 40 119 185 179 145 78 31 56 113 175 171 16 25 44 120 2 75 86 26 94 63 79 80 137 23 89 183 143 0 176 133 151 51 118 59 115 46 68 139 193 41 5 42 181 159 69 108 18 22 146 34 160 48 54 30 177 10 190 4 112 84 35 184 43 116 65 131 149 162 123 127 70 135 154 180 53 100 101 1 97 152 129 92 57 55 52 106 178 49 102 148 9
64;63;72087.00;63 79 80 176 137 23 186 89 183 143 117 0 51 118 59 115 46 68 139 193 41 5 42 181 159 69 108 18 22 146 34 160 48 54 177 10 190 4 112 84 184 43 116 65 131 149 123 127 162 151 133 180 135 70 154 53 100 26 86 75 44 25 16 171 175 113 56 31 78 145 179 92 57 52 185 119 40 196 81 90 165 106 178 14 144 62 9 148 102 49 55 129 120 2 101 1 97 152 124 94
65;64;73468.00;64 114 186 89 183 23 137 176 80 151 162 127 123 149 131 65 116 43 184 84 112 190 10 177 54 48 160 34 146 22 18 108 69 159 181 42 5 41 193 139 68 46 115 59 118 51 133 79 63 180 135 70 154 53 100 26 86 75 44 25 16 171 175 113 56 31 78 145 179 92 57 129 120 2 101 1 97 152 94 124 148 9 62 102 49 178 106 52 55 185 119 40 196 81 90 165 138 14 144 15
66;65;72081.00;65 131 149 123 127 162 151 133 135 70 180 154 53 100 26 86 75 44 25 16 171 175 113 56 31 78 145 179 92 57 52 185 119 40 196 81 90 165 106 178 14 144 62 9 148 102 49 55 129 120 2 101 1 97 152 124 94 63 79 80 176 137 23 186 89 183 143 117 0 51 59 118 115 46 68 139 193 41 5 42 181 159 69 108 18 22 146 34 160 48 54 177 10 190 4 112 84 184 43 116
67;66;73043.00;66 0 117 143 183 89 186 23 137 80 79 63 94 124 152 97 1 101 2 120 129 55 49 102 148 9 62 144 14 178 106 165 90 81 196 40 119 185 52 57 92 179 145 78 31 56 113 175 171 16 25 44 75 86 26 100 53 154 180 135 70 127 123 162 133 151 149 131 65 116 43 184 84 112 190 10 177 54 48 160 34 146 22 18 108 69 159 181 42 5 41 193 139 68 46 115 59 118 51 176
68;67;72713.00;67 108 69 18 22 146 159 193 41 5 42 181 34 160 48 54 177 10 190 184 43 116 65 131 149 123 127 162 151 133 135 70 180 154 53 100 26 86 75 44 25 16 171 175 113 56 31 78 145 179 92 57 52 185 119 40 196 81 90 165 106 178 14 144 62 9 148 102 49 55 129 120 2 101 1 97 152 124 94 63 79 80 176 137 23 186 89 183 143 117 0 51 59 118 115 46 139 68 93 140
69;68;72129.00;68 46 115 118 59 51 0 117 143 183 89 186 23 137 176 80 79 63 94 124 152 97 1 101 2 120 129 55 49 102 148 9 62 144 14 178 106 165 90 81 196 40 119 185 52 57 92 179 145 78 31 56 113 175 171 16 25 44 75 86 26 100 53 154 180 70 135 133 151 162 127 123 149 131 65 116 43 184 84 112 4 190 10 177 54 48 160 34 146 22 18 108 69 159 181 42 5 193 41 139
70;69;71926.00;69 108 18 22 146 159 193 41 5 42 181 34 160 48 54 177 10 190 4 112 84 184 43 116 65 131 149 123 127 162 151 133 135 70 180 154 53 100 26 86 75 44 25 16 171 175 113 56 31 78 145 179 92 57 52 185 119 40 196 81 90 165 106 178 14 144 62 9 148 102 49 55 129 120 2 101 1 97 152 124 94 63 79 80 176 137 23 186 89 183 143 117 0 51 59 118 115 46 68 139
71;70;72087.00;70 154 53 100 26 86 75 44 25 16 171 175 113 56 31 78 145 179 92 57 52 185 119 40 196 81 90 165 106 178 14 144 62 9 148 102 49 55 129 120 2 101 1 97 152 124 94 63 79 80 176 137 23 186 89 183 143 117 0 51 118 59 115 46 68 139 193 41 5 42 181 159 69 108 18 22 146 34 160 48 54 177 10 190 4 112 84 184 43 116 65 131 149 123 127 162 151 133 180 135
72;71;73539.00;71 164 7 95 39 165 138 14 144 62 9 148 102 49 178 106 52 55 57 92 129 152 97 1 101 100 53 180 154 135 70 127 123 162 149 131 65 116 43 184 35 84 112 4 190 10 177 54 48 160 34 146 22 18 108 69 159 181 42 5 41 193 139 68 46 115 59 118 51 151 133 176 137 80 79 63 94 26 86 75 2 120 44 25 16 171 175 113 56 31 78 145 179 185 119 40 196 81 90 27
73;72;72561.00;72 51 0 117 143 183 89 186 23 137 176 80 79 63 94 124 152 97 1 101 2 120 129 55 49 102 148 9 62 144 14 178 106 165 90 81 196 40 119 185 52 57 92 179 145 78 31 56 113 175 171 16 25 44 75 86 26 100 53 154 180 70 135 133 151 162 127 123 149 131 65 116 43 184 84 112 190 10 177 54 48 160 34 146 22 18 108 69 159 181 42 5 41 193 139 68 46 115 118 59
74;73;73327.00;73 62 9 148 102 49 178 106 52 55 57 92 129 152 97 1 101 100 53 180 154 135 70 127 123 162 149 131 65 116 43 184 35 84 112 4 190 10 177 30 54 48 160 34 146 22 18 108 69 159 181 42 5 41 193 139 68 46 115 59 118 51 151 133 176 143 183 89 23 137 80 79 63 94 26 86 75 2 120 44 25 16 171 175 113 56 31 78 145 179 185 119 40 196 81 90 165 138 14 144
75;74;73362.00;74 1 101 2 120 129 57 92 179 145 78 31 56 113 175 171 16 25 44 75 86 53 154 70 135 180 63 79 133 51 118 59 115 46 68 139 193 41 5 42 181 159 69 108 18 22 146 34 160 48 54 177 10 190 4 112 84 184 43 116 65 131 149 123 127 162 151 80 176 137 23 183 89 186 15 9 62 144 14 138 165 90 81 196 40 119 185 55 52 106 178 49 102 148 124 94 100 26 97 152
76;75;72816.00;75 44 25 16 171 175 113 56 31 78 145 179 92 57 52 185 119 40 196 81 90 165 106 178 3 14 144 62 9 148 102 49 55 129 120 2 152 1 97 101 100 53 180 154 135 70 127 123 162 149 131 65 116 43 184 35 84 112 4 190 10 177 30 54 48 160 34 146 22 18 108 69 159 181 42 5 41 193 139 68 46 115 59 118 51 151 133 176 0 143 183 89 23 137 80 79 63 94 26 86
77;76;73540.00;76 176 80 151 162 127 123 149 131 65 116 43 184 190 10 177 54 48 160 34 146 22 18 108 69 159 181 42 5 41 193 139 68 46 115 59 118 51 133 79 63 180 135 70 154 53 100 26 86 75 44 25 16 171 175 113 56 31 78 145 179 92 57 129 120 2 101 1 97 152 94 124 148 102 49 178 106 52 55 185 119 40 196 81 90 165 138 14 144 62 9 15 186 137 23 89 183 143 117 0
78;77;72845.00;77 43 184 84 112 4 190 10 177 54 48 160 34 146 22 18 108 69 159 181 42 116 41 193 139 68 46 115 118 59 51 0 117 143 183 89 186 23 137 176 80 79 63 94 124 152 97 1 101 2 120 129 55 49 102 148 9 62 144 14 178 106 165 90 81 196 40 119 185 52 57 92 179 145 78 31 56 113 175 171 16 25 44 75 86 26 100 53 154 180 70 135 133 151 162 127 123 149 131 65
79;78;72639.00;78 31 56 113 175 171 16 25 44 120 2 75 86 26 94 63 79 80 137 23 89 183 143 0 176 133 151 51 118 59 115 46 68 139 193 41 5 42 181 159 69 108 18 22 146 34 160 48 54 30 177 10 190 4 112 84 35 184 43 116 65 131 149 162 123 127 70 135 154 180 53 100 101 1 97 152 129 55 49 102 148 9 62 144 14 3 178 106 165 90 81 196 40 119 185 52 57 92 179 145
80;79;72087.00;79 80 176 137 23 186 89 183 143 117 0 51 118 59 115 46 68 139 193 41 5 42 181 159 69 108 18 22 146 34 160 48 54 177 10 190 4 112 84 184 43 116 65 131 149 123 127 162 151 133 180 135 70 154 53 100 26 86 75 44 25 16 171 175 113 56 31 78 145 179 92 57 52 185 119 40 196 81 90 165 106 178 14 144 62 9 148 102 49 55 129 120 2 101 1 97 152 124 94 63
81;80;71951.00;80 79 63 94 124 152 97 1 101 2 120 129 55 49 102 148 9 62 144 14 178 106 165 90 81 196 40 119 185 52 57 92 179 145 78 31 56 113 175 171 16 25 44 75 86 26 100 53 154 180 135 70 127 123 162 133 151 149 131 65 116 43 184 84 112 4 190 10 177 54 48 160 34 146 22 18 108 69 159 181 42 5 41 193 139 68 46 115 59 118 51 0 117 143 183 89 186 23 137 176
82;81;71948.00;81 196 40 119 185 179 145 78 31 56 113 175 171 16 25 44 120 2 75 86 26 94 63 79 80 137 23 89 183 143 0 176 133 151 51 118 59 115 46 68 139 193 41 5 42 181 159 69 108 18 22 146 34 160 48 54 30 177 10 190 4 112 84 35 184 43 116 65 131 149 162 123 127 70 135 154 180 53 100 101 1 97 152 129 92 57 55 52 106 178 49 102 148 9 62 144 14 138 165 90
83;82;73386.00;82 2 75 86 26 94 63 79 80 137 23 89 183 143 176 133 151 51 118 59 115 46 68 139 193 41 5 42 181 159 69 108 18 22 146 34 160 48 54 30 177 10 190 4 112 84 35 184 43 116 65 131 149 162 123 127 70 135 154 180 53 100 101 1 97 152 129 55 49 102 148 9 62 144 14 3 178 106 165 90 81 196 40 119 185 52 57 92 179 145 78 31 56 113 175 171 16 25 44 120
84;83;73406.00;83 89 183 143 117 0 176 80 151 162 127 123 149 131 65 116 43 184 190 10 177 54 48 160 34 146 22 18 108 69 159 181 42 5 41 193 139 68 46 115 59 118 51 133 79 63 180 135 70 154 53 100 26 86 75 44 25 16 171 175 113 56 31 78 145 179 92 57 129 120 2 101 1 97 152 94 124 148 102 49 178 106 52 55 185 119 40 196 81 90 165 138 14 144 62 9 15 137 23 186
85;84;71761.00;84 4 112 127 123 162 151 133 135 70 180 154 53 100 26 86 75 44 25 16 171 175 113 56 31 78 145 179 92 57 52 185 119 40 196 81 90 165 106 178 14 144 62 9 148 102 49 55 129 120 2 101 1 97 152 124 94 63 79 80 176 137 23 186 89 183 143 117 0 51 118 59 65 116 43 42 5 115 46 68 139 41 193 159 69 108 18 22 146 181 34 160 48 54 30 177 10 190 184 35
86;85;74162.00;85 145 179 92 57 52 185 119 40 196 81 90 165 106 178 3 14 144 62 9 148 102 49 55 129 152 97 1 101 100 53 180 154 135 70 127 123 162 149 131 65 116 43 184 35 84 112 4 190 10 177 30 54 48 160 34 146 22 18 108 69 159 181 42 5 41 193 139 68 46 115 59 118 51 151 133 176 143 183 89 23 137 80 79 63 94 26 86 75 2 120 44 25 78 31 16 171 175 113 56
87;86;72602.00;86 75 44 25 16 171 175 113 56 31 78 145 179 92 57 129 120 2 101 1 97 152 94 124 148 102 49 178 106 52 55 185 119 40 196 81 90 165 138 14 144 62 9 15 186 89 183 23 137 176 80 151 162 127 123 149 131 65 116 43 184 35 84 112 4 190 10 177 54 48 160 34 146 22 18 108 69 159 181 42 5 41 193 139 68 46 115 59 118 51 133 79 63 180 135 70 154 53 100 26
88;87;74004.00;87 152 97 1 101 100 53 180 154 135 70 127 123 162 149 131 65 116 43 184 35 84 112 4 190 10 177 30 54 48 160 34 146 22 18 108 69 159 181 42 5 41 193 139 68 46 115 59 118 51 151 133 176 143 183 89 23 137 80 79 63 94 26 86 75 2 129 55 49 102 148 9 62 144 14 3 178 106 165 90 81 196 40 119 185 52 57 92 179 145 78 31 56 113 175 171 16 25 44 120
89;88;74252.00;88 25 44 120 2 75 86 26 94 63 79 80 137 23 89 183 143 176 133 151 51 118 59 115 46 68 139 193 41 5 42 181 159 69 108 18 22 146 34 160 48 54 30 177 10 190 4 112 84 35 184 43 116 65 131 149 162 123 127 70 135 154 180 53 100 101 1 97 152 129 55 49 102 148 9 62 144 14 3 178 106 165 90 81 196 40 119 185 52 57 92 179 78 145 31 56 113 175 171 16
90;89;72462.00;89 23 137 186 15 9 62 144 14 138 165 90 81 196 40 119 185 55 52 106 178 49 102 148 124 94 152 97 1 101 2 120 129 57 92 179 145 78 31 56 113 175 171 16 25 44 75 86 26 100 53 154 70 135 180 63 79 133 51 118 59 115 46 68 139 193 41 5 42 181 159 69 108 18 22 146 34 160 48 54 177 10 190 84 184 43 116 65 131 149 123 127 162 151 80 176 0 117 143 183
91;90;71948.00;90 81 196 40 119 185 179 145 78 31 56 113 175 171 16 25 44 120 2 75 86 26 94 63 79 80 137 23 89 183 143 0 176 133 151 51 118 59 115 46 68 139 193 41 5 42 181 159 69 108 18 22 146 34 160 48 54 30 177 10 190 4 112 84 35 184 43 116 65 131 149 162 123 127 70 135 154 180 53 100 101 1 97 152 129 92 57 55 52 106 178 49 102 148 9 62 144 14 138 165
92;91;73152.00;91 179 145 78 31 56 113 175 171 16 25 44 120 2 75 86 26 94 63 79 80 137 23 89 183 143 176 133 151 51 118 59 115 46 68 139 193 41 5 42 181 159 69 108 18 22 146 34 160 48 54 30 177 10 190 4 112 84 35 184 43 116 65 131 149 162 123 127 70 135 154 180 53 100 101 1 97 152 129 92 57 55 52 49 102 148 9 62 144 14 3 178 106 185 165 90 119 40 81 196
93;92;72639.00;92 179 145 78 31 56 113 175 171 16 25 44 120 2 75 86 26 94 63 79 80 137 23 89 183 143 0 176 133 151 51 118 59 115 46 68 139 193 41 5 42 181 159 69 108 18 22 146 34 160 48 54 30 177 10 190 4 112 84 35 184 43 116 65 131 149 162 123 127 70 135 154 180 53 100 101 1 97 152 129 55 49 102 148 9 62 144 14 3 178 106 165 90 81 196 40 119 185 52 57
94;93;72276.00;93 140 108 69 18 22 146 159 193 41 5 42 181 34 160 48 54 177 10 190 84 184 43 116 65 59 118 115 139 46 68 0 51 176 80 151 162 123 127 133 79 63 180 135 70 154 53 100 26 86 75 44 25 16 171 175 113 56 31 78 145 179 92 57 129 120 2 101 1 97 152 94 124 148 102 49 178 106 52 55 185 119 40 196 81 90 165 138 14 144 62 9 15 186 137 23 89 183 143 117
95;94;72602.00;94 152 97 1 101 2 120 129 57 92 179 145 78 31 56 113 175 171 16 25 44 75 86 26 100 53 154 70 135 180 63 79 133 51 118 59 115 46 68 139 193 41 5 42 181 159 69 108 18 22 146 34 160 48 54 177 10 190 4 112 84 35 184 43 116 65 131 149 123 127 162 151 80 176 137 23 183 89 186 15 9 62 144 14 138 165 90 81 196 40 119 185 55 52 106 178 49 102 148 124
96;95;73373.00;95 7 164 27 90 81 196 40 119 185 179 145 78 31 56 113 175 171 16 25 44 120 2 75 86 26 94 63 79 80 137 176 133 151 51 118 59 115 46 68 139 193 41 5 42 181 159 69 108 18 22 146 34 160 48 54 30 177 10 190 4 112 84 35 184 43 116 65 131 149 162 123 127 70 135 154 180 53 100 101 1 97 152 129 92 57 55 52 106 178 49 102 148 9 62 144 14 138 165 39
97;96;72426.00;96 43 116 65 131 149 123 127 162 151 133 135 70 180 154 53 100 26 86 75 44 25 16 171 175 113 56 31 78 145 179 92 57 52 185 119 40 196 81 90 165 106 178 14 144 62 9 148 102 49 55 129 120 2 101 1 97 152 124 94 63 79 80 176 137 23 186 89 183 143 117 0 51 59 118 115 46 68 139 41 193 159 69 108 18 22 146 181 34 160 48 54 177 10 190 112 84 184 42 5
98;97;72752.00;97 152 1 101 2 120 129 57 92 179 145 78 31 56 113 175 171 16 25 44 75 86 53 154 70 135 180 63 79 133 51 118 59 115 46 68 139 193 41 5 42 181 159 69 108 18 22 146 34 160 48 54 177 10 190 4 112 84 35 184 43 116 65 131 149 123 127 162 151 80 176 137 23 183 89 186 15 9 62 144 14 138 165 90 81 196 40 119 185 55 52 106 178 49 102 148 124 94 100 26
99;98;73238.00;98 196 81 90 40 119 165 185 106 178 3 14 144 62 9 148 102 49 52 55 57 92 129 152 97 1 101 100 53 180 154 135 70 127 123 162 149 131 65 116 43 184 35 84 112 4 190 10 177 30 54 48 160 34 146 22 18 108 69 159 181 42 5 41 193 139 68 46 115 59 118 51 151 133 176 0 143 183 89 23 137 80 79 63 94 26 86 75 2 120 44 25 145 78 31 16 171 175 113 56
100;99;73866.00;99 97 26 100 86 75 44 25 16 171 175 113 56 31 78 145 179 92 57 129 120 2 101 1 152 94 124 148 102 49 178 106 52 55 185 119 40 196 81 90 165 138 14 144 62 9 15 186 89 183 23 137 176 80 151 162 127 123 149 131 65 116 43 184 84 112 190 10 177 54 48 160 34 146 22 18 108 69 159 181 42 5 41 193 139 68 46 115 59 118 51 133 79 63 180 135 70 154 53 121
101;100;72602.00;100 26 86 75 44 25 16 171 175 113 56 31 78 145 179 92 57 129 120 2 101 1 97 152 94 124 148 102 49 178 106 52 55 185 119 40 196 81 90 165 138 14 144 62 9 15 186 89 183 23 137 176 80 151 162 127 123 149 131 65 116 43 184 35 84 112 4 190 10 177 54 48 160 34 146 22 18 108 69 159 181 42 5 41 193 139 68 46 115 59 118 51 133 79 63 180 135 70 154 53
102;101;72752.00;101 1 152 97 26 100 94 124 148 102 49 178 106 52 55 185 119 40 196 81 90 165 138 14 144 62 9 15 186 89 183 23 137 176 80 151 162 127 123 149 131 65 116 43 184 35 84 112 4 190 10 177 54 48 160 34 146 22 18 108 69 159 181 42 5 41 193 139 68 46 115 59 118 51 133 79 63 180 135 70 154 53 86 75 44 25 16 171 175 113 56 31 78 145 179 92 57 129 120 2
103;102;71948.00;102 148 9 62 144 14 138 165 90 81 196 40 119 185 179 145 78 31 56 113 175 171 16 25 44 120 2 75 86 26 94 63 79 80 137 23 89 183 143 0 176 133 151 51 118 59 115 46 68 139 193 41 5 42 181 159 69 108 18 22 146 34 160 48 54 30 177 10 190 4 112 84 35 184 43 116 65 131 149 162 123 127 70 135 154 180 53 100 101 1 97 152 129 92 57 55 52 106 178 49
104;103;71958.00;103 34 181 160 48 54 177 10 190 4 112 84 184 42 43 116 65 131 149 123 127 162 151 133 135 70 180 154 53 100 26 86 75 44 25 16 171 175 113 56 31 78 145 179 92 57 52 185 119 40 196 81 90 165 106 178 14 144 62 9 148 102 49 55 129 120 2 101 1 97 152 124 94 63 79 80 176 137 23 186 89 183 143 117 0 51 59 118 115 46 68 139 41 193 159 69 108 18 22 146
105;104;73307.00;104 54 48 34 160 181 42 43 116 41 193 159 146 22 18 108 69 139 68 46 115 118 59 65 131 149 151 51 0 117 143 183 89 186 23 137 176 80 79 63 94 124 152 97 1 101 2 120 129 55 49 102 148 9 62 144 14 178 106 165 90 81 196 40 119 185 52 57 92 179 145 78 31 56 113 175 171 16 25 44 75 86 26 100 53 154 180 70 135 133 162 123 127 112 4 84 184 190 10 177
106;105;72637.00;105 116 43 184 84 112 190 10 177 54 48 160 34 146 22 18 108 69 159 181 42 5 41 193 139 68 46 115 118 59 51 0 117 143 183 89 186 23 137 176 80 79 63 94 124 152 97 1 101 2 120 129 55 49 102 148 9 62 144 14 178 106 165 90 81 196 40 119 185 52 57 92 179 145 78 31 56 113 175 171 16 25 44 75 86 26 100 53 154 180 70 135 133 151 162 127 123 149 131 65
107;106;71948.00;106 178 49 102 148 9 62 144 14 138 165 90 81 196 40 119 185 179 145 78 31 56 113 175 171 16 25 44 120 2 75 86 26 94 63 79 80 137 23 89 183 143 0 176 133 151 51 118 59 115 46 68 139 193 41 5 42 181 159 69 108 18 22 146 34 160 48 54 30 177 10 190 4 112 84 35 184 43 116 65 131 149 162 123 127 70 135 154 180 53 100 101 1 97 152 129 92 57 55 52
108;107;73850.00;107 27 39 165 138 14 144 62 9 148 102 49 178 106 52 55 57 92 129 152 97 1 101 100 53 180 154 135 70 127 123 162 149 131 65 116 43 184 35 84 112 4 190 10 177 30 54 48 160 34 146 22 18 108 69 159 181 42 5 41 193 139 68 46 115 59 118 51 151 133 176 183 89 137 80 79 63 94 26 86 75 2 120 44 25 16 171 175 113 56 31 78 145 179 185 119 40 196 81 90
109;108;71926.00;108 69 139 68 46 115 118 59 51 0 117 143 183 89 186 23 137 176 80 79 63 94 124 152 97 1 101 2 120 129 55 49 102 148 9 62 144 14 178 106 165 90 81 196 40 119 185 52 57 92 179 145 78 31 56 113 175 171 16 25 44 75 86 26 100 53 154 180 70 135 133 151 162 127 123 149 131 65 116 43 184 84 112 4 190 10 177 54 48 160 34 181 42 5 41 193 159 146 22 18
110;109;72484.00;109 118 46 115 139 193 41 5 42 181 159 69 108 18 22 146 34 160 48 54 30 177 10 190 4 112 84 35 184 43 65 116 59 151 133 162 123 127 70 135 180 154 53 100 26 86 75 44 25 16 171 175 113 56 31 78 145 179 92 57 52 185 119 40 196 81 90 165 106 178 14 144 62 9 148 102 49 55 129 120 2 101 1 97 152 124 94 63 79 80 176 137 23 186 89 183 143 117 0 51
111;110;72801.00;110 193 41 5 42 181 159 69 108 18 22 146 34 160 48 54 177 10 190 112 84 184 43 116 65 131 149 123 127 162 151 133 135 70 180 154 53 100 26 86 75 44 25 16 171 175 113 56 31 78 145 179 92 57 52 185 119 40 196 81 90 165 106 178 14 144 62 9 148 102 49 55 129 120 2 101 1 97 152 124 94 63 79 80 176 137 23 186 89 183 143 117 0 51 59 118 115 46 68 139
112;111;73064.00;111 167 148 9 62 102 144 14 49 178 106 165 90 81 196 40 119 185 52 55 57 129 92 179 145 78 31 56 113 175 171 16 25 44 120 2 75 101 1 97 152 26 100 86 53 154 70 135 180 63 79 133 51 118 59 115 46 68 139 193 41 5 42 181 159 69 108 18 22 146 34 160 48 54 30 177 10 190 4 112 84 35 184 43 116 65 131 149 123 127 162 151 80 176 183 89 23 137 94 124
113;112;71761.00;112 4 84 35 184 190 10 177 30 54 48 160 34 181 146 22 18 108 69 159 193 41 139 68 46 115 5 42 43 116 65 59 118 51 0 117 143 183 89 186 23 137 176 80 79 63 94 124 152 97 1 101 2 120 129 55 49 102 148 9 62 144 14 178 106 165 90 81 196 40 119 185 52 57 92 179 145 78 31 56 113 175 171 16 25 44 75 86 26 100 53 154 180 70 135 133 151 162 123 127
114;113;72815.00;113 56 31 145 78 179 92 57 52 185 119 40 196 81 90 165 106 178 3 14 144 62 9 148 102 49 55 129 152 97 1 101 100 53 180 154 135 70 127 123 162 149 131 65 116 43 184 35 84 112 4 190 10 177 30 54 48 160 34 146 22 18 108 69 159 181 42 5 41 193 139 68 46 115 59 118 51 151 133 176 0 143 183 89 23 137 80 79 63 94 26 86 75 2 120 44 25 16 171 175
115;114;72640.00;114 186 89 183 23 137 176 80 151 162 127 123 149 131 65 116 43 184 84 112 4 190 10 177 54 48 160 34 146 22 18 108 69 159 181 42 5 41 193 139 68 46 115 59 118 51 133 79 63 180 135 70 154 53 100 26 86 75 44 25 16 171 175 113 56 31 78 145 179 92 57 129 120 2 101 1 97 152 94 124 148 102 49 178 106 52 55 185 119 40 196 81 90 165 138 14 144 62 9 15
116;115;72081.00;115 118 59 51 0 117 143 183 89 186 23 137 176 80 79 63 94 124 152 97 1 101 2 120 129 55 49 102 148 9 62 144 14 178 106 165 90 81 196 40 119 185 52 57 92 179 145 78 31 56 113 175 171 16 25 44 75 86 26 100 53 154 180 70 135 133 151 162 127 123 149 131 65 116 43 184 84 112 4 190 10 177 54 48 160 34 146 22 18 108 69 159 181 42 5 41 193 139 68 46
117;116;72081.00;116 43 184 84 112 4 190 10 177 54 48 160 34 146 22 18 108 69 159 181 42 5 41 193 139 68 46 115 118 59 51 0 117 143 183 89 186 23 137 176 80 79 63 94 124 152 97 1 101 2 120 129 55 49 102 148 9 62 144 14 178 106 165 90 81 196 40 119 185 52 57 92 179 145 78 31 56 113 175 171 16 25 44 75 86 26 100 53 154 180 70 135 133 151 162 127 123 149 131 65
118;117;71488.00;117 0 46 68 139 193 41 115 5 42 181 159 69 108 18 22 146 34 160 48 54 30 177 10 190 4 112 84 35 184 43 116 65 59 118 51 151 133 162 123 127 70 135 180 154 53 100 26 86 75 44 25 16 171 175 113 56 31 78 145 179 92 57 52 185 119 40 196 81 90 165 106 178 14 144 62 9 148 102 49 55 129 120 2 101 1 97 152 124 94 63 79 80 176 137 23 186 89 183 143
119;118;72081.00;118 115 46 68 139 193 41 5 42 181 159 69 108 18 22 146 34 160 48 54 177 10 190 4 112 84 184 43 116 65 131 149 123 127 162 151 133 135 70 180 154 53 100 26 86 75 44 25 16 171 175 113 56 31 78 145 179 92 57 52 185 119 40 196 81 90 165 106 178 14 144 62 9 148 102 49 55 129 120 2 101 1 97 152 124 94 63 79 80 176 137 23 186 89 183 143 117 0 51 59
120;119;71955.00;119 40 185 179 145 78 31 56 113 175 171 16 25 44 120 2 75 86 26 94 63 79 80 137 23 89 183 143 0 176 133 151 51 118 59 115 46 68 139 193 41 5 42 181 159 69 108 18 22 146 34 160 48 54 30 177 10 190 4 112 84 35 184 43 116 65 131 149 162 123 127 70 135 154 180 53 100 101 1 97 152 129 92 57 55 52 106 178 49 102 148 9 62 144 14 138 165 90 81 196
121;120;72639.00;120 2 75 86 26 94 63 79 80 137 23 89 183 143 0 176 133 151 51 118 59 115 46 68 139 193 41 5 42 181 159 69 108 18 22 146 34 160 48 54 30 177 10 190 4 112 84 35 184 43 116 65 131 149 162 123 127 70 135 154 180 53 100 101 1 97 152 129 55 49 102 148 9 62 144 14 3 178 106 165 90 81 196 40 119 185 52 57 92 179 145 78 31 56 113 175 171 16 25 44
122;121;72674.00;121 100 26 86 75 44 25 16 171 175 113 56 31 78 145 179 92 57 129 120 2 101 1 97 152 94 124 148 102 49 178 106 52 55 185 119 40 196 81 90 165 138 14 144 62 9 15 186 89 183 23 137 176 80 151 162 127 123 149 131 65 116 43 184 84 112 4 190 10 177 54 48 160 34 146 22 18 108 69 159 181 42 5 41 193 139 68 46 115 59 118 51 133 79 63 180 135 70 154 53
123;122;74197.00;122 137 23 89 183 176 80 79 151 162 127 123 149 131 65 116 43 184 35 84 112 4 190 10 177 30 54 48 160 34 146 22 18 108 69 159 181 42 5 41 193 139 68 46 115 59 118 51 133 180 135 70 154 53 100 26 86 75 44 25 16 171 175 113 56 31 78 145 179 92 57 52 185 119 40 196 81 90 165 106 178 3 14 144 62 9 148 102 49 55 129 120 2 101 1 97 152 124 94 63
124;123;73679.00;123 162 149 131 65 116 43 184 35 84 112 4 190 10 177 30 54 48 160 34 146 22 18 108 69 159 181 42 5 41 193 139 68 46 115 59 118 51 151 133 176 183 89 23 137 80 79 63 94 124 152 97 1 101 2 120 129 55 49 102 148 9 62 144 14 3 178 106 165 90 81 196 40 119 185 52 57 92 179 145 78 31 56 113 175 171 16 25 44 75 86 26 100 121 180 53 154 135 70 127
125;124;72713.00;124 152 97 1 101 2 120 129 57 92 179 145 78 31 56 113 175 171 16 25 44 75 86 26 100 53 154 70 135 180 63 79 133 51 118 59 115 46 68 139 193 41 5 42 181 159 69 108 18 22 146 34 160 48 54 177 10 190 4 112 84 35 184 43 116 65 131 149 123 127 162 151 80 176 137 23 183 89 186 15 9 62 144 14 138 165 90 81 196 40 119 185 55 52 106 178 49 102 148 94
126;125;73674.00;125 1 101 2 120 129 57 92 179 145 78 31 56 113 175 171 16 25 44 75 86 53 154 70 135 180 63 79 133 51 118 59 115 46 68 139 193 41 5 42 181 159 69 108 18 22 146 34 160 48 54 177 10 190 4 112 84 184 43 116 65 131 149 123 127 162 151 80 176 137 23 183 89 186 15 9 62 144 14 138 165 90 81 196 40 119 185 55 52 106 178 49 102 148 124 94 100 26 97 152
127;126;72265.00;126 112 4 84 35 184 190 10 177 54 48 160 34 181 146 22 18 108 69 159 193 41 139 68 46 115 5 42 43 116 65 59 118 51 0 117 143 183 89 186 23 137 176 80 79 63 94 124 152 97 1 101 2 120 129 55 49 102 148 9 62 144 14 178 106 165 90 81 196 40 119 185 52 57 92 179 145 78 31 56 113 175 171 16 25 44 75 86 26 100 53 154 180 70 135 133 151 162 123 127
128;127;73679.00;127 70 135 154 53 180 121 100 26 86 75 44 25 16 171 175 113 56 31 78 145 179 92 57 52 185 119 40 196 81 90 165 106 178 3 14 144 62 9 148 102 49 55 129 120 2 101 1 97 152 124 94 63 79 80 137 23 89 183 176 133 151 51 118 59 115 46 68 139 193 41 5 42 181 159 69 108 18 22 146 34 160 48 54 30 177 10 190 4 112 84 35 184 43 116 65 131 149 162 123
129;128;73436.00;128 167 148 9 62 102 144 14 49 178 106 165 90 81 196 40 119 185 52 55 57 179 145 78 31 56 113 175 171 16 25 44 120 2 75 86 26 94 63 79 80 137 23 89 183 143 176 133 151 51 118 59 115 46 68 139 193 41 5 42 181 159 69 108 18 22 146 34 160 48 54 30 177 10 190 4 112 84 35 184 43 116 65 131 149 162 123 127 70 135 154 180 53 100 101 1 97 152 129 92
130;129;72639.00;129 55 49 102 148 9 62 144 14 3 178 106 165 90 81 196 40 119 185 52 57 92 179 145 78 31 56 113 175 171 16 25 44 120 2 75 86 26 94 63 79 80 137 23 89 183 143 0 176 133 151 51 118 59 115 46 68 139 193 41 5 42 181 159 69 108 18 22 146 34 160 48 54 30 177 10 190 4 112 84 35 184 43 116 65 131 149 162 123 127 70 135 154 180 53 100 101 1 97 152
131;130;73353.00;130 124 148 102 49 178 106 52 55 185 119 40 196 81 90 165 138 14 144 62 9 15 186 89 183 23 137 176 80 151 162 127 123 149 131 65 116 43 184 84 112 4 190 10 177 54 48 160 34 146 22 18 108 69 159 181 42 5 41 193 139 68 46 115 59 118 51 133 79 63 180 135 70 154 53 100 26 86 75 44 25 16 171 175 113 56 31 78 145 179 92 57 129 120 2 101 1 97 152 94
132;131;72022.00;131 149 123 127 162 151 133 135 70 180 154 53 100 26 86 75 44 25 16 171 175 113 56 31 78 145 179 92 57 52 185 119 40 196 81 90 165 106 178 14 144 62 9 148 102 49 55 129 120 2 101 1 97 152 124 94 63 79 80 176 137 23 186 89 183 143 117 0 51 118 59 115 46 68 139 193 41 5 42 181 159 69 108 18 22 146 34 160 48 54 177 10 190 4 112 84 184 43 116 65
133;132;73613.00;132 14 138 165 90 81 196 40 119 185 179 145 78 31 56 113 175 171 16 25 44 120 2 75 86 26 94 63 79 80 137 23 89 183 143 176 133 151 51 118 59 115 46 68 139 193 41 5 42 181 159 69 108 18 22 146 34 160 48 54 30 177 10 190 4 112 84 35 184 43 116 65 131 149 162 123 127 70 135 154 180 53 100 101 1 97 152 129 92 57 55 52 106 178 49 102 148 9 62 144
134;133;73259.00;133 151 51 118 59 115 46 68 139 193 41 5 42 181 159 69 108 18 22 146 34 160 48 54 30 177 10 190 4 112 84 35 184 43 116 65 131 149 162 123 127 70 135 180 154 53 100 26 86 75 44 25 16 171 175 113 56 31 78 145 179 92 57 52 185 119 40 196 81 90 165 106 178 3 14 144 62 9 148 102 49 55 129 120 2 101 1 97 152 124 94 63 79 80 137 23 89 183 143 176
135;134;73387.00;134 108 18 69 139 68 46 115 118 59 51 0 117 143 183 89 186 23 137 176 80 79 63 94 124 152 97 1 101 2 120 129 55 49 102 148 9 62 144 14 178 106 165 90 81 196 40 119 185 52 57 92 179 145 78 31 56 113 175 171 16 25 44 75 86 26 100 53 154 180 70 135 133 151 162 127 123 149 131 65 116 43 184 84 112 190 10 177 54 48 160 34 181 42 5 193 41 159 146 22
136;135;72087.00;135 70 154 53 100 26 86 75 44 25 16 171 175 113 56 31 78 145 179 92 57 52 185 119 40 196 81 90 165 106 178 14 144 62 9 148 102 49 55 129 120 2 101 1 97 152 124 94 63 79 80 176 137 23 186 89 183 143 117 0 51 118 59 115 46 68 139 193 41 5 42 181 159 69 108 18 22 146 34 160 48 54 177 10 190 4 112 84 184 43 116 65 131 149 123 127 162 151 133 180
137;136;72812.00;136 121 100 26 86 75 44 25 16 171 175 113 56 31 78 145 179 92 57 52 185 119 40 196 81 90 165 106 178 14 144 62 9 148 102 49 55 129 120 2 101 1 97 152 124 94 63 79 80 176 137 23 186 89 183 143 117 0 51 118 59 115 46 68 139 193 41 5 42 181 159 69 108 18 22 146 34 160 48 54 177 10 190 84 184 43 116 65 131 149 123 127 162 151 133 180 135 70 154 53
138;137;72602.00;137 23 183 89 186 15 9 62 144 14 138 165 90 81 196 40 119 185 55 52 106 178 49 102 148 124 94 152 97 1 101 2 120 129 57 92 179 145 78 31 56 113 175 171 16 25 44 75 86 26 100 53 154 70 135 180 63 79 133 51 118 59 115 46 68 139 193 41 5 42 181 159 69 108 18 22 146 34 160 48 54 177 10 190 4 112 84 35 184 43 116 65 131 149 123 127 162 151 80 176
139;138;71948.00;138 14 144 62 9 148 102 49 178 106 52 55 57 92 129 152 97 1 101 100 53 180 154 135 70 127 123 162 149 131 65 116 43 184 35 84 112 4 190 10 177 30 54 48 160 34 146 22 18 108 69 159 181 42 5 41 193 139 68 46 115 59 118 51 151 133 176 0 143 183 89 23 137 80 79 63 94 26 86 75 2 120 44 25 16 171 175 113 56 31 78 145 179 185 119 40 196 81 90 165
140;139;72081.00;139 68 46 115 118 59 51 0 117 143 183 89 186 23 137 176 80 79 63 94 124 152 97 1 101 2 120 129 55 49 102 148 9 62 144 14 178 106 165 90 81 196 40 119 185 52 57 92 179 145 78 31 56 113 175 171 16 25 44 75 86 26 100 53 154 180 70 135 133 151 162 127 123 149 131 65 116 43 184 84 112 4 190 10 177 54 48 160 34 146 22 18 108 69 159 181 42 5 41 193
141;140;72276.00;140 108 69 18 22 146 159 193 41 5 42 181 34 160 48 54 177 10 190 84 184 43 116 65 59 118 115 139 46 68 0 51 176 80 151 162 123 127 133 79 63 180 135 70 154 53 100 26 86 75 44 25 16 171 175 113 56 31 78 145 179 92 57 129 120 2 101 1 97 152 94 124 148 102 49 178 106 52 55 185 119 40 196 81 90 165 138 14 144 62 9 15 186 137 23 89 183 143 117 93
142;141;72982.00;141 51 118 59 115 46 68 139 193 41 5 42 181 159 69 108 18 22 146 34 160 48 54 177 10 190 112 84 184 43 116 65 131 149 123 127 162 151 133 135 70 180 154 53 100 26 86 75 44 25 16 171 175 113 56 31 78 145 179 92 57 52 185 119 40 196 81 90 165 106 178 14 144 62 9 148 102 49 55 129 120 2 101 1 97 152 124 94 63 79 80 176 137 23 186 89 183 143 117 0
143;142;73152.00;142 139 68 46 115 118 59 51 0 117 143 183 89 186 23 137 176 80 79 63 94 124 152 97 1 101 2 120 129 55 49 102 148 9 62 144 14 178 106 165 90 81 196 40 119 185 52 57 92 179 145 78 31 56 113 175 171 16 25 44 75 86 26 100 53 154 180 70 135 133 151 162 127 123 149 131 65 116 43 184 84 112 190 10 177 54 48 160 34 146 22 18 108 69 159 181 42 5 41 193
144;143;71488.00;143 117 0 46 68 139 193 41 115 5 42 181 159 69 108 18 22 146 34 160 48 54 30 177 10 190 4 112 84 35 184 43 116 65 59 118 51 151 133 162 123 127 70 135 180 154 53 100 26 86 75 44 25 16 171 175 113 56 31 78 145 179 92 57 52 185 119 40 196 81 90 165 106 178 14 144 62 9 148 102 49 55 129 120 2 101 1 97 152 124 94 63 79 80 176 137 23 186 89 183
145;144;71948.00;144 14 138 165 90 81 196 40 119 185 179 145 78 31 56 113 175 171 16 25 44 120 2 75 86 26 94 63 79 80 137 23 89 183 143 0 176 133 151 51 118 59 115 46 68 139 193 41 5 42 181 159 69 108 18 22 146 34 160 48 54 30 177 10 190 4 112 84 35 184 43 116 65 131 149 162 123 127 70 135 154 180 53 100 101 1 97 152 129 92 57 55 52 106 178 49 102 148 9 62
146;145;72639.00;145 179 92 57 52 185 119 40 196 81 90 165 106 178 3 14 144 62 9 148 102 49 55 129 152 97 1 101 100 53 180 154 135 70 127 123 162 149 131 65 116 43 184 35 84 112 4 190 10 177 30 54 48 160 34 146 22 18 108 69 159 181 42 5 41 193 139 68 46 115 59 118 51 151 133 176 0 143 183 89 23 137 80 79 63 94 26 86 75 2 120 44 25 16 171 175 113 56 31 78
147;146;71773.00;146 181 34 160 48 54 177 10 190 4 112 84 35 184 42 43 116 65 131 149 123 127 162 151 133 135 70 180 154 53 100 26 86 75 44 25 16 171 175 113 56 31 78 145 179 92 57 52 185 119 40 196 81 90 165 106 178 14 144 62 9 148 102 49 55 129 120 2 101 1 97 152 124 94 63 79 80 176 137 23 186 89 183 143 117 0 51 59 118 115 46 68 139 41 193 159 69 108 18 22
148;147;73351.00;147 177 10 190 4 112 84 184 43 65 131 149 123 127 162 151 133 135 70 180 154 53 100 26 86 75 44 25 16 171 175 113 56 31 78 145 179 92 57 52 185 119 40 196 81 90 165 106 178 14 144 62 9 148 102 49 55 129 120 2 101 1 97 152 124 94 63 79 80 176 137 23 186 89 183 143 117 0 51 59 118 115 46 68 139 69 108 18 22 146 159 193 41 116 42 181 160 34 48 54
149;148;71948.00;148 102 49 178 106 52 55 57 92 129 152 97 1 101 100 53 180 154 135 70 127 123 162 149 131 65 116 43 184 35 84 112 4 190 10 177 30 54 48 160 34 146 22 18 108 69 159 181 42 5 41 193 139 68 46 115 59 118 51 151 133 176 0 143 183 89 23 137 80 79 63 94 26 86 75 2 120 44 25 16 171 175 113 56 31 78 145 179 185 119 40 196 81 90 165 138 14 144 62 9
150;149;72022.00;149 123 127 162 151 133 135 70 180 154 53 100 26 86 75 44 25 16 171 175 113 56 31 78 145 179 92 57 52 185 119 40 196 81 90 165 106 178 14 144 62 9 148 102 49 55 129 120 2 101 1 97 152 124 94 63 79 80 176 137 23 186 89 183 143 117 0 51 118 59 115 46 68 139 193 41 5 42 181 159 69 108 18 22 146 34 160 48 54 177 10 190 4 112 84 184 43 116 65 131
151;150;73729.00;150 2 120 129 57 92 179 145 78 31 56 113 175 171 16 25 44 75 86 53 154 70 135 180 63 79 133 51 118 59 115 46 68 139 193 41 5 42 181 159 69 108 18 22 146 34 160 48 54 177 10 190 4 112 84 184 43 116 65 131 149 123 127 162 151 80 176 137 23 183 89 186 15 9 62 144 14 138 165 90 81 196 40 119 185 55 52 106 178 49 102 148 124 94 100 26 1 152 97 101
152;151;71951.00;151 133 162 123 127 70 135 180 154 53 100 26 86 75 44 25 16 171 175 113 56 31 78 145 179 92 57 52 185 119 40 196 81 90 165 106 178 14 144 62 9 148 102 49 55 129 120 2 101 1 97 152 124 94 63 79 80 176 137 23 186 89 183 143 117 0 51 118 59 115 46 68 139 193 41 5 42 181 159 69 108 18 22 146 34 160 48 54 177 10 190 4 112 84 184 43 116 65 131 149
153;152;72752.00;152 1 101 2 120 129 57 92 179 145 78 31 56 113 175 171 16 25 44 75 86 53 154 70 135 180 63 79 133 51 118 59 115 46 68 139 193 41 5 42 181 159 69 108 18 22 146 34 160 48 54 177 10 190 4 112 84 35 184 43 116 65 131 149 123 127 162 151 80 176 137 23 183 89 186 15 9 62 144 14 138 165 90 81 196 40 119 185 55 52 106 178 49 102 148 124 94 100 26 97
154;153;72432.00;153 0 117 143 183 89 23 137 186 15 9 62 144 14 138 165 90 81 196 40 119 185 55 52 106 178 49 102 148 124 94 152 97 1 101 2 120 129 57 92 179 145 78 31 56 113 175 171 16 25 44 75 86 26 100 53 154 70 135 180 63 79 133 127 123 162 151 80 176 51 118 59 65 116 43 184 84 112 190 10 177 54 48 160 34 146 22 18 108 69 159 181 42 5 115 41 193 139 68 46
155;154;72087.00;154 53 100 26 86 75 44 25 16 171 175 113 56 31 78 145 179 92 57 52 185 119 40 196 81 90 165 106 178 14 144 62 9 148 102 49 55 129 120 2 101 1 97 152 124 94 63 79 80 176 137 23 186 89 183 143 117 0 51 118 59 115 46 68 139 193 41 5 42 181 159 69 108 18 22 146 34 160 48 54 177 10 190 4 112 84 184 43 116 65 131 149 123 127 162 151 133 180 135 70
156;155;73031.00;155 14 138 165 90 81 196 40 119 185 179 145 78 31 56 113 175 171 16 25 44 120 2 75 86 26 94 63 79 80 137 23 89 183 143 176 133 151 51 118 59 115 46 68 139 193 41 5 42 181 159 69 108 18 22 146 34 160 48 54 30 177 10 190 4 112 84 35 184 43 116 65 131 149 162 123 127 70 135 154 180 53 100 101 1 97 152 129 92 57 55 52 106 178 49 102 148 9 62 144
157;156;72276.00;156 112 4 84 35 184 190 10 177 54 48 160 34 181 146 22 18 108 69 159 193 41 139 68 46 115 5 42 43 116 65 59 118 51 0 117 143 183 89 186 23 137 176 80 79 63 94 124 152 97 1 101 2 120 129 55 49 102 148 9 62 144 14 178 106 165 90 81 196 40 119 185 52 57 92 179 145 78 31 56 113 175 171 16 25 44 75 86 26 100 53 154 180 70 135 133 151 162 123 127
158;157;72858.00;157 196 81 90 40 119 165 185 106 178 3 14 144 62 9 148 102 49 52 55 179 145 78 92 57 129 152 97 1 101 100 53 180 154 135 70 127 123 162 149 131 65 116 43 184 35 84 112 4 190 10 177 30 54 48 160 34 146 22 18 108 69 159 181 42 5 41 193 139 68 46 115 59 118 51 151 133 176 143 183 89 23 137 80 79 63 94 26 86 75 2 120 44 25 16 171 175 113 56 31
159;158;72360.00;158 154 70 135 180 133 151 162 127 123 149 131 65 116 43 184 84 112 190 10 177 54 48 160 34 146 22 18 108 69 159 181 42 5 41 193 139 68 46 115 59 118 51 0 117 143 183 89 186 23 137 176 80 79 63 94 124 152 97 1 101 2 120 129 55 49 102 148 9 62 144 14 178 106 165 90 81 196 40 119 185 52 57 92 179 145 78 31 56 113 175 171 16 25 44 75 86 26 100 53
160;159;71926.00;159 146 22 18 108 69 139 68 46 115 118 59 51 0 117 143 183 89 186 23 137 176 80 79 63 94 124 152 97 1 101 2 120 129 55 49 102 148 9 62 144 14 178 106 165 90 81 196 40 119 185 52 57 92 179 145 78 31 56 113 175 171 16 25 44 75 86 26 100 53 154 180 70 135 133 151 162 127 123 149 131 65 116 43 184 84 112 4 190 10 177 54 48 160 34 181 42 5 41 193
161;160;71773.00;160 48 54 177 10 190 4 112 84 35 184 42 43 116 65 131 149 123 127 162 151 133 135 70 180 154 53 100 26 86 75 44 25 16 171 175 113 56 31 78 145 179 92 57 52 185 119 40 196 81 90 165 106 178 14 144 62 9 148 102 49 55 129 120 2 101 1 97 152 124 94 63 79 80 176 137 23 186 89 183 143 117 0 51 59 118 115 46 68 139 41 193 159 69 108 18 22 146 181 34
162;161;73408.00;161 133 135 70 180 154 53 100 26 86 75 44 25 16 171 175 113 56 31 78 145 179 92 57 52 185 119 40 196 81 90 165 106 178 14 144 62 9 148 102 49 55 129 120 2 101 1 97 152 124 94 63 79 80 176 137 23 186 89 183 143 117 0 51 118 59 115 46 68 139 193 41 5 42 181 159 69 108 18 22 146 34 160 48 54 177 10 190 112 84 184 43 116 65 131 149 151 162 123 127
163;162;72022.00;162 151 133 135 70 180 154 53 100 26 86 75 44 25 16 171 175 113 56 31 78 145 179 92 57 52 185 119 40 196 81 90 165 106 178 14 144 62 9 148 102 49 55 129 120 2 101 1 97 152 124 94 63 79 80 176 137 23 186 89 183 143 117 0 51 118 59 115 46 68 139 193 41 5 42 181 159 69 108 18 22 146 34 160 48 54 177 10 190 4 112 84 184 43 116 65 131 149 123 127
164;163;72458.00;163 139 68 46 115 118 59 51 0 117 143 183 89 186 23 137 176 80 79 63 94 124 152 97 1 101 2 120 129 55 49 102 148 9 62 144 14 178 106 165 90 81 196 40 119 185 52 57 92 179 145 78 31 56 113 175 171 16 25 44 75 86 26 100 53 154 180 70 135 133 151 162 127 123 149 131 65 116 43 184 84 112 190 10 177 54 48 160 34 181 42 5 41 193 159 146 22 18 69 108
165;164;73373.00;164 7 95 39 165 138 14 144 62 9 148 102 49 178 106 52 55 57 92 129 152 97 1 101 100 53 180 154 135 70 127 123 162 149 131 65 116 43 184 35 84 112 4 190 10 177 30 54 48 160 34 146 22 18 108 69 159 181 42 5 41 193 139 68 46 115 59 118 51 151 133 176 137 80 79 63 94 26 86 75 2 120 44 25 16 171 175 113 56 31 78 145 179 185 119 40 196 81 90 27
166;165;71948.00;165 90 81 196 40 119 185 179 145 78 31 56 113 175 171 16 25 44 120 2 75 86 26 94 63 79 80 137 23 89 183 143 0 176 133 151 51 118 59 115 46 68 139 193 41 5 42 181 159 69 108 18 22 146 34 160 48 54 30 177 10 190 4 112 84 35 184 43 116 65 131 149 162 123 127 70 135 154 180 53 100 101 1 97 152 129 92 57 55 52 106 178 49 102 148 9 62 144 14 138
167;166;73408.00;166 184 190 10 177 54 48 160 34 146 22 18 108 69 159 181 42 43 116 41 193 139 68 46 115 118 59 65 131 149 151 51 0 117 143 183 89 186 23 137 176 80 79 63 94 124 152 97 1 101 2 120 129 55 49 102 148 9 62 144 14 178 106 165 90 81 196 40 185 52 57 92 179 145 78 31 56 113 175 171 16 25 44 75 86 26 100 53 154 180 70 135 133 162 123 127 112 4 84 35
168;167;72283.00;167 148 9 62 102 144 14 49 178 106 165 90 81 196 40 119 185 52 55 57 179 145 78 31 56 113 175 171 16 25 44 120 2 75 86 26 94 63 79 80 137 23 89 183 143 0 176 133 151 51 118 59 115 46 68 139 193 41 5 42 181 159 69 108 18 22 146 34 160 48 54 30 177 10 190 4 112 84 35 184 43 116 65 131 149 162 123 127 70 135 154 180 53 100 101 1 97 152 129 92
169;168;74073.00;168 145 179 92 57 52 185 119 40 196 81 90 165 106 178 3 14 144 62 9 148 102 49 55 129 152 97 1 101 100 53 180 154 135 70 127 123 162 149 131 65 116 43 184 35 84 112 4 190 10 177 30 54 48 160 34 146 22 18 108 69 159 181 42 5 41 193 139 68 46 115 59 118 51 151 133 176 143 183 89 23 137 80 79 63 94 26 86 75 2 120 44 25 16 171 175 113 56 31 78
170;169;73273.00;169 40 119 90 165 138 14 144 62 9 148 102 49 178 106 52 55 57 92 129 152 97 1 101 100 53 180 154 135 70 127 123 162 149 131 65 116 43 184 35 84 112 4 190 10 177 30 54 48 160 34 146 22 18 108 69 159 181 42 5 41 193 139 68 46 115 59 118 51 151 133 176 143 183 89 23 137 80 79 63 94 26 86 75 2 120 44 25 16 171 175 113 56 31 78 145 179 185 81 196
171;170;71732.00;170 117 0 46 68 139 193 41 115 5 42 181 159 69 108 18 22 146 34 160 48 54 177 10 190 4 112 84 35 184 43 116 65 59 118 51 151 133 162 123 127 70 135 180 154 53 100 26 86 75 44 25 16 171 175 113 56 31 78 145 179 92 57 52 185 119 40 196 81 90 165 106 178 14 144 62 9 148 102 49 55 129 120 2 101 1 97 152 124 94 63 79 80 176 137 23 186 89 183 143
172;171;72815.00;171 175 113 56 31 145 78 179 92 57 52 185 119 40 196 81 90 165 106 178 3 14 144 62 9 148 102 49 55 129 152 97 1 101 100 53 180 154 135 70 127 123 162 149 131 65 116 43 184 35 84 112 4 190 10 177 30 54 48 160 34 146 22 18 108 69 159 181 42 5 41 193 139 68 46 115 59 118 51 151 133 176 0 143 183 89 23 137 80 79 63 94 26 86 75 2 120 44 25 16
173;172;73940.00;172 167 49 102 148 9 62 144 14 3 178 106 165 90 81 196 40 119 185 52 55 57 129 92 179 145 78 31 56 113 175 171 16 25 44 120 2 75 86 26 94 63 79 80 137 23 89 183 176 133 151 51 118 59 115 46 68 139 193 41 5 42 181 159 69 108 18 22 146 34 160 48 54 30 177 10 190 4 112 84 35 184 43 116 65 131 149 162 123 127 70 135 154 180 53 100 101 1 97 152
174;173;73029.00;173 135 70 154 53 100 26 86 75 44 25 16 171 175 113 56 31 78 145 179 92 57 52 185 119 40 196 81 90 165 106 178 14 144 62 9 148 102 49 55 129 120 2 101 1 97 152 124 94 63 79 80 176 137 23 186 89 183 143 117 0 51 118 59 115 46 68 139 193 41 5 42 181 159 69 108 18 22 146 34 160 48 54 177 10 190 112 84 184 43 116 65 131 149 123 127 162 151 133 180
175;174;73249.00;174 119 40 185 179 145 78 31 56 113 175 171 16 25 44 120 2 75 86 26 94 63 79 80 137 23 89 183 143 176 133 151 51 118 59 115 46 68 139 193 41 5 42 181 159 69 108 18 22 146 34 160 48 54 30 177 10 190 4 112 84 35 184 43 116 65 131 149 162 123 127 70 135 154 180 53 100 101 1 97 152 129 92 57 55 52 106 178 49 102 148 9 62 144 14 138 165 90 81 196
176;175;72815.00;175 113 56 31 145 78 179 92 57 52 185 119 40 196 81 90 165 106 178 3 14 144 62 9 148 102 49 55 129 152 97 1 101 100 53 180 154 135 70 127 123 162 149 131 65 116 43 184 35 84 112 4 190 10 177 30 54 48 160 34 146 22 18 108 69 159 181 42 5 41 193 139 68 46 115 59 118 51 151 133 176 0 143 183 89 23 137 80 79 63 94 26 86 75 2 120 44 25 16 171
177;176;71951.00;176 80 79 63 94 124 152 97 1 101 2 120 129 55 49 102 148 9 62 144 14 178 106 165 90 81 196 40 119 185 52 57 92 179 145 78 31 56 113 175 171 16 25 44 75 86 26 100 53 154 180 135 70 127 123 162 133 151 149 131 65 116 43 184 84 112 4 190 10 177 54 48 160 34 146 22 18 108 69 159 181 42 5 41 193 139 68 46 115 59 118 51 0 117 143 183 89 186 23 137
178;177;72712.00;177 54 48 34 160 181 42 43 116 41 193 159 146 22 18 108 69 139 68 46 115 118 59 65 131 149 151 51 0 117 143 183 89 186 23 137 176 80 79 63 94 124 152 97 1 101 2 120 129 55 49 102 148 9 62 144 14 178 106 165 90 81 196 40 119 185 52 57 92 179 145 78 31 56 113 175 171 16 25 44 75 86 26 100 53 154 180 70 135 133 162 123 127 112 4 84 35 184 190 10
179;178;71948.00;178 49 102 148 9 62 144 14 138 165 90 81 196 40 119 185 179 145 78 31 56 113 175 171 16 25 44 120 2 75 86 26 94 63 79 80 137 23 89 183 143 0 176 133 151 51 118 59 115 46 68 139 193 41 5 42 181 159 69 108 18 22 146 34 160 48 54 30 177 10 190 4 112 84 35 184 43 116 65 131 149 162 123 127 70 135 154 180 53 100 101 1 97 152 129 92 57 55 52 106
180;179;72179.00;179 145 78 31 56 113 175 171 16 25 44 120 2 75 86 26 94 63 79 80 137 23 89 183 143 0 176 133 151 51 118 59 115 46 68 139 193 41 5 42 181 159 69 108 18 22 146 34 160 48 54 30 177 10 190 4 112 84 35 184 43 116 65 131 149 162 123 127 70 135 154 180 53 100 101 1 97 152 129 92 57 55 52 49 102 148 9 62 144 14 3 178 106 185 165 90 119 40 81 196
181;180;72087.00;180 135 70 154 53 100 26 86 75 44 25 16 171 175 113 56 31 78 145 179 92 57 52 185 119 40 196 81 90 165 106 178 14 144 62 9 148 102 49 55 129 120 2 101 1 97 152 124 94 63 79 80 176 137 23 186 89 183 143 117 0 51 118 59 115 46 68 139 193 41 5 42 181 159 69 108 18 22 146 34 160 48 54 177 10 190 4 112 84 184 43 116 65 131 149 123 127 162 151 133
182;181;71773.00;181 34 160 48 54 177 10 190 4 112 84 35 184 42 43 116 65 131 149 123 127 162 151 133 135 70 180 154 53 100 26 86 75 44 25 16 171 175 113 56 31 78 145 179 92 57 52 185 119 40 196 81 90 165 106 178 14 144 62 9 148 102 49 55 129 120 2 101 1 97 152 124 94 63 79 80 176 137 23 186 89 183 143 117 0 51 59 118 115 46 68 139 41 193 159 69 108 18 22 146
183;182;72835.00;182 121 100 26 86 75 44 25 16 171 175 113 56 31 78 145 179 92 57 52 185 119 40 196 81 90 165 106 178 14 144 62 9 148 102 49 55 129 120 2 101 1 97 152 124 94 63 79 80 176 137 23 186 89 183 143 117 0 51 118 59 115 46 68 139 193 41 5 42 181 159 69 108 18 22 146 34 160 48 54 177 10 190 84 184 43 116 65 131 149 123 127 162 151 133 180 135 70 154 53
184;183;71488.00;183 89 186 23 137 176 80 79 63 94 124 152 97 1 101 2 120 129 55 49 102 148 9 62 144 14 178 106 165 90 81 196 40 119 185 52 57 92 179 145 78 31 56 113 175 171 16 25 44 75 86 26 100 53 154 180 135 70 127 123 162 133 151 51 118 59 65 116 43 184 35 84 112 4 190 10 177 30 54 48 160 34 146 22 18 108 69 159 181 42 5 115 41 193 139 68 46 0 117 143
185;184;72535.00;184 43 65 131 149 123 127 162 151 133 135 70 180 154 53 100 26 86 75 44 25 16 171 175 113 56 31 78 145 179 92 57 52 185 119 40 196 81 90 165 106 178 14 144 62 9 148 102 49 55 129 120 2 101 1 97 152 124 94 63 79 80 176 137 23 186 89 183 143 117 0 51 59 118 115 46 68 139 193 41 116 42 181 159 69 108 18 22 146 34 160 48 54 177 10 190 4 112 84 35
186;185;71948.00;185 179 145 78 31 56 113 175 171 16 25 44 120 2 75 86 26 94 63 79 80 137 23 89 183 143 0 176 133 151 51 118 59 115 46 68 139 193 41 5 42 181 159 69 108 18 22 146 34 160 48 54 30 177 10 190 4 112 84 35 184 43 116 65 131 149 162 123 127 70 135 154 180 53 100 101 1 97 152 129 92 57 55 52 106 178 49 102 148 9 62 144 14 138 165 90 81 196 40 119
187;186;72530.00;186 89 183 143 117 0 176 80 151 162 127 123 149 131 65 116 43 184 84 190 10 177 54 48 160 34 146 22 18 108 69 159 181 42 5 41 193 139 68 46 115 59 118 51 133 79 63 180 135 70 154 53 100 26 86 75 44 25 16 171 175 113 56 31 78 145 179 92 57 129 120 2 101 1 97 152 94 124 148 102 49 178 106 52 55 185 119 40 196 81 90 165 138 14 144 62 9 15 137 23
188;187;73036.00;187 81 196 40 119 185 179 145 78 31 56 113 175 171 16 25 44 120 2 75 86 26 94 63 79 80 137 23 89 183 143 176 133 151 51 118 59 115 46 68 139 193 41 5 42 181 159 69 108 18 22 146 34 160 48 54 30 177 10 190 4 112 84 35 184 43 116 65 131 149 162 123 127 70 135 154 180 53 100 101 1 97 152 129 92 57 55 52 106 178 49 102 148 9 62 144 14 138 165 90
189;188;74410.00;188 31 145 78 179 92 57 52 185 119 40 196 81 90 165 106 178 3 14 144 62 9 148 102 49 55 129 152 97 1 101 100 53 180 154 135 70 127 123 162 149 131 65 116 43 184 35 84 112 4 190 10 177 30 54 48 160 34 146 22 18 108 69 159 181 42 5 41 193 139 68 46 115 59 118 51 151 133 176 143 183 89 23 137 80 79 63 94 26 86 75 2 120 44 25 16 171 175 113 56
190;189;72813.00;189 94 124 148 102 49 178 106 52 55 185 119 40 196 81 90 165 138 14 144 62 9 15 186 89 183 23 137 176 80 151 162 127 123 149 131 65 116 43 184 84 112 4 190 10 177 54 48 160 34 146 22 18 108 69 159 181 42 5 41 193 139 68 46 115 59 118 51 133 79 63 180 135 70 154 53 100 26 86 75 44 25 16 171 175 113 56 31 78 145 179 92 57 129 120 2 101 1 97 152
191;190;72712.00;190 10 177 54 48 34 160 181 42 43 116 41 193 159 146 22 18 108 69 139 68 46 115 118 59 65 131 149 151 51 0 117 143 183 89 186 23 137 176 80 79 63 94 124 152 97 1 101 2 120 129 55 49 102 148 9 62 144 14 178 106 165 90 81 196 40 119 185 52 57 92 179 145 78 31 56 113 175 171 16 25 44 75 86 26 100 53 154 180 70 135 133 162 123 127 112 4 84 35 184
192;191;72772.00;191 193 41 5 42 181 159 69 108 18 22 146 34 160 48 54 177 10 190 112 84 184 43 116 65 131 149 123 127 162 151 133 135 70 180 154 53 100 26 86 75 44 25 16 171 175 113 56 31 78 145 179 92 57 52 185 119 40 196 81 90 165 106 178 14 144 62 9 148 102 49 55 129 120 2 101 1 97 152 124 94 63 79 80 176 137 23 186 89 183 143 117 0 51 59 118 115 46 68 139
193;192;72507.00;192 181 146 22 18 108 69 159 193 41 139 68 46 115 118 59 51 0 117 143 183 89 186 23 137 176 80 79 63 94 124 152 97 1 101 2 120 129 55 49 102 148 9 62 144 14 178 106 165 90 81 196 40 119 185 52 57 92 179 145 78 31 56 113 175 171 16 25 44 75 86 26 100 53 154 180 70 135 133 151 162 127 123 149 131 65 116 43 42 184 84 112 4 190 10 177 54 48 160 34
194;193;72081.00;193 139 68 46 115 118 59 51 0 117 143 183 89 186 23 137 176 80 79 63 94 124 152 97 1 101 2 120 129 55 49 102 148 9 62 144 14 178 106 165 90 81 196 40 119 185 52 57 92 179 145 78 31 56 113 175 171 16 25 44 75 86 26 100 53 154 180 70 135 133 151 162 127 123 149 131 65 116 43 184 84 112 4 190 10 177 54 48 160 34 146 22 18 108 69 159 181 42 5 41
195;194;72834.00;194 180 133 151 162 149 131 65 116 43 184 84 112 190 10 177 54 48 160 34 146 22 18 108 69 159 181 42 5 41 193 139 68 46 115 59 118 51 0 117 143 183 89 186 23 137 176 80 79 63 94 124 152 97 1 101 2 120 129 55 49 102 148 9 62 144 14 178 106 165 90 81 196 40 119 185 52 57 92 179 145 78 31 56 113 175 171 16 25 44 75 86 26 100 53 154 135 70 127 123
196;195;71868.00;195 181 34 160 48 54 177 10 190 4 112 84 184 42 43 116 65 131 149 123 127 162 151 133 135 70 180 154 53 100 26 86 75 44 25 16 171 175 113 56 31 78 145 179 92 57 52 185 119 40 196 81 90 165 106 178 14 144 62 9 148 102 49 55 129 120 2 101 1 97 152 124 94 63 79 80 176 137 23 186 89 183 143 117 0 51 59 118 115 46 68 139 41 193 159 69 108 18 22 146
197;196;72163.00;196 81 90 40 119 165 185 106 178 3 14 144 62 9 148 102 49 52 55 57 92 129 152 97 1 101 100 53 180 154 135 70 127 123 162 149 131 65 116 43 184 35 84 112 4 190 10 177 30 54 48 160 34 146 22 18 108 69 159 181 42 5 41 193 139 68 46 115 59 118 51 151 133 176 0 143 183 89 23 137 80 79 63 94 26 86 75 2 120 44 25 16 171 175 113 56 31 145 78 179
198;197;72985.00;197 116 65 59 118 51 0 117 143 183 89 186 23 137 176 80 79 63 94 124 152 97 1 101 2 120 129 55 49 102 148 9 62 144 14 178 106 165 90 81 196 40 119 185 52 57 92 179 145 78 31 56 113 175 171 16 25 44 75 86 26 100 53 154 180 70 135 133 151 162 127 123 149 131 43 184 84 112 190 10 177 54 48 160 34 146 22 18 108 69 159 181 42 5 41 193 139 68 46 115
199;198;72350.00;198 46 115 118 59 51 0 117 143 183 89 186 23 137 176 80 79 63 94 124 152 97 1 101 2 120 129 55 49 102 148 9 62 144 14 178 106 165 90 81 196 40 119 185 52 57 92 179 145 78 31 56 113 175 171 16 25 44 75 86 26 100 53 154 180 70 135 133 151 162 127 123 149 131 65 116 43 184 84 112 4 190 10 177 54 48 160 34 146 22 18 108 69 159 181 42 5 41 193 139
200;199;72629.00;199 139 68 46 115 118 59 51 0 117 143 183 89 186 23 137 176 80 79 63 94 124 152 97 1 101 2 120 129 55 49 102 148 9 62 144 14 178 106 165 90 81 196 40 119 185 52 57 92 179 145 78 31 56 113 175 171 16 25 44 75 86 26 100 53 154 180 70 135 133 151 162 127 123 149 131 65 116 43 184 84 112 190 10 177 54 48 160 34 181 42 5 193 41 159 146 22 18 108 69
