SolutionID;StartNode;ObjectiveValue;ExecutionTimeMs;NodeIndices
1;193;84500.00;170;193 159 18 117 143 167 92 145 78 25 44 129 15 114 186 23 137 80 133 151 162 123 149 131 43 181 22 146 34 160 54 177 184 77 47 65 116 42 5 41 139 46 0 79 63 2 120 16 171 175 113 31 57 49 102 37 124 94 148 9 62 144 14 165 39 95 7 164 90 81 196 40 185 106 176 51 118 59 35 84 112 127 135 154 180 53 86 75 100 26 97 101 1 152 55 52 178 89 183 115
2;15;89261.00;148;15 186 23 89 115 5 42 43 184 177 10 190 84 4 112 127 70 57 92 145 78 129 152 162 116 41 22 34 160 65 80 178 165 40 81 113 175 171 16 44 120 82 2 1 97 63 122 137 0 143 117 68 46 139 193 159 18 108 93 183 114 102 49 138 14 144 62 9 149 131 123 135 158 53 86 75 101 26 100 121 124 94 79 133 154 180 167 55 52 106 185 196 31 25 151 59 118 51 176 148
3;78;88062.00;164;78 31 56 113 175 171 16 25 44 154 112 177 54 34 160 42 41 46 9 62 102 144 23 193 22 18 108 89 186 148 179 196 81 90 165 119 40 185 55 152 133 162 149 131 65 151 79 63 180 135 127 123 184 43 116 59 137 167 57 92 145 120 75 86 158 53 2 129 52 106 178 49 14 95 164 7 21 183 143 170 0 117 93 68 139 115 118 51 176 80 122 94 124 189 121 100 26 101 1 97
4;2;83982.00;168;2 101 86 75 44 16 171 175 113 31 115 193 41 96 5 149 131 42 181 34 160 43 105 116 47 65 133 79 63 26 97 152 52 106 185 40 119 102 186 89 183 143 0 117 68 46 51 80 180 154 158 53 100 1 129 92 57 55 179 145 78 196 178 49 62 9 37 148 124 94 176 139 159 69 108 18 22 146 54 177 10 184 112 123 127 70 135 162 151 59 118 137 15 144 14 165 90 81 25 120
5;14;86038.00;167;14 144 183 143 117 0 89 114 178 106 40 90 81 196 100 135 127 123 149 41 193 69 108 18 22 146 34 54 177 112 70 75 44 25 120 2 1 97 26 101 129 92 57 152 133 162 116 42 181 195 159 139 115 46 51 176 49 102 15 186 23 137 94 124 167 62 9 148 80 79 63 53 158 180 151 72 118 59 65 47 43 160 184 35 154 86 82 78 16 171 175 113 31 145 179 55 52 185 119 165
6;15;83715.00;172;15 144 52 55 57 92 145 78 25 44 120 2 75 86 70 127 112 177 54 184 43 47 65 149 123 148 9 62 37 124 94 63 79 133 180 121 101 1 97 80 51 59 116 42 160 34 22 159 41 115 118 151 162 135 154 158 53 100 26 152 49 14 21 164 27 90 39 165 185 119 40 81 196 31 113 175 171 16 129 186 23 0 68 46 176 167 106 178 102 137 139 193 18 108 93 117 143 183 89 114
7;70;82456.00;165;70 135 162 151 72 51 176 80 79 122 63 180 154 53 100 26 1 97 94 124 137 23 89 186 15 148 167 52 185 165 90 40 92 129 120 2 75 101 86 133 118 115 108 18 22 146 59 152 44 16 171 175 113 31 78 145 57 55 106 178 49 102 14 144 62 9 193 159 181 34 160 54 177 10 184 28 131 149 47 65 116 0 183 143 117 68 46 139 41 5 42 43 77 35 84 4 112 123 127 194
8;22;86992.00;159;22 159 193 41 139 198 115 43 131 149 123 127 135 180 63 122 94 124 189 121 79 80 176 0 143 117 59 162 154 158 70 112 184 18 69 108 140 68 46 118 100 26 152 52 165 90 81 78 145 179 185 119 40 196 31 56 113 175 171 16 120 151 72 51 137 62 144 14 49 178 106 25 44 75 86 53 47 116 65 133 97 1 101 2 129 92 57 55 167 148 15 186 23 89 183 42 181 160 34 146
9;124;85980.00;153;124 136 180 154 135 127 123 149 131 65 35 112 84 34 146 22 159 193 41 59 100 26 97 189 94 12 176 51 46 18 108 143 183 2 120 44 25 16 171 175 113 31 81 196 57 129 92 78 145 185 40 90 165 14 178 106 52 55 152 182 63 122 80 79 133 162 116 43 5 42 181 160 54 177 184 151 62 144 102 49 1 101 75 86 158 53 121 167 9 15 186 23 0 117 68 139 115 118 137 148
10;185;87718.00;152;185 106 178 3 15 89 0 117 143 183 102 49 55 57 92 82 120 2 1 97 189 152 167 148 124 94 180 154 70 127 112 4 10 177 123 135 158 75 16 171 175 113 81 90 165 39 95 164 7 21 51 59 116 47 65 80 122 121 100 26 101 129 179 145 31 78 25 44 86 53 63 79 133 162 151 176 9 62 14 144 186 23 137 46 22 146 34 160 184 131 149 43 42 41 193 139 115 118 52 40
11;22;87250.00;153;22 146 181 42 43 5 96 159 18 108 46 51 63 189 152 106 178 14 144 49 52 179 92 78 145 196 31 113 175 171 16 44 86 177 10 4 112 35 131 162 79 94 124 148 37 15 186 89 183 23 137 118 184 160 34 41 139 68 117 143 0 176 180 158 53 97 1 2 129 57 55 167 80 65 116 47 149 123 127 70 135 154 9 62 165 40 185 25 120 75 101 26 100 121 136 133 151 59 115 193
12;62;89467.00;146;62 9 148 152 100 70 127 112 84 35 184 160 80 94 55 52 178 89 183 143 198 115 118 72 151 133 135 154 2 129 92 57 137 18 108 93 117 170 0 68 46 51 176 120 44 78 145 81 90 165 14 144 23 139 193 195 181 42 43 116 47 65 59 180 53 86 75 101 1 97 26 121 63 79 162 149 131 5 96 41 159 22 146 34 48 54 177 10 190 4 123 16 171 175 113 31 40 185 106 49
13;181;87354.00;169;181 42 43 47 65 116 115 46 118 59 51 148 49 3 178 106 165 90 21 144 15 117 93 140 0 23 137 176 80 79 154 135 70 127 123 159 18 108 143 183 89 186 57 92 129 2 152 97 1 101 75 120 145 179 196 185 52 55 86 158 180 53 100 26 121 63 149 34 146 22 68 9 62 102 14 40 81 113 175 171 16 31 78 25 44 124 94 112 4 177 54 160 184 35 162 133 151 139 41 193
14;80;84215.00;161;80 51 0 143 137 176 189 26 100 121 63 79 122 94 148 15 9 62 144 102 49 178 165 90 27 164 21 89 46 115 139 41 193 159 181 42 43 160 34 146 22 18 117 183 14 138 119 40 185 179 92 112 4 177 54 184 116 65 59 118 151 133 180 53 97 1 2 129 145 78 31 56 113 175 171 16 25 44 120 57 55 52 106 167 124 152 101 75 86 158 154 162 47 131 149 123 127 70 135 194
15;59;83368.00;171;59 162 151 133 97 1 2 129 57 55 52 3 49 148 112 84 184 177 54 48 34 160 42 43 116 5 41 193 159 139 46 120 44 16 171 175 113 31 78 25 75 26 100 53 180 158 86 101 92 145 196 81 90 21 144 62 9 102 14 138 165 40 185 106 178 167 152 154 135 70 127 123 176 23 89 183 93 108 18 22 146 181 118 51 80 79 122 63 94 124 137 0 170 143 117 68 115 65 149 131
16;89;84674.00;169;89 183 0 46 5 42 116 65 59 118 109 51 79 63 133 162 123 35 131 149 49 178 106 165 14 102 62 9 148 176 80 94 124 55 57 92 129 2 121 53 100 26 97 152 1 101 86 158 154 180 151 68 69 18 108 93 117 143 114 15 23 137 43 160 54 34 181 193 41 115 198 139 159 22 146 184 112 127 135 75 120 52 185 40 196 31 113 175 171 16 44 25 78 145 81 90 164 21 144 186
17;144;82065.00;164;144 14 3 178 106 185 40 196 179 92 129 2 75 1 152 57 55 52 165 90 81 31 113 175 171 16 49 102 62 9 94 180 158 53 86 101 97 124 148 37 167 145 78 25 44 120 63 122 79 133 80 176 51 118 59 116 65 47 131 149 123 135 154 70 127 112 184 43 162 151 121 100 26 189 15 186 89 183 23 137 0 46 115 42 160 177 54 34 146 22 199 18 108 69 159 193 41 139 117 143
18;195;91222.00;167;195 159 193 68 117 0 143 183 94 2 120 44 25 92 57 55 52 185 40 129 152 63 79 133 80 148 9 62 115 41 43 116 162 26 97 1 101 86 100 53 70 84 35 123 145 81 90 27 165 14 59 65 149 75 16 171 175 113 78 106 178 49 102 144 15 93 140 51 176 137 23 186 89 46 139 198 118 151 180 158 154 135 127 112 4 10 177 30 54 48 160 184 42 181 69 108 18 22 146 34
19;7;88724.00;169;7 164 144 176 118 115 46 68 139 181 160 48 177 54 34 146 22 42 43 116 59 51 80 148 9 62 37 124 94 97 1 2 129 92 145 31 113 175 171 16 78 179 57 137 0 143 183 89 186 15 102 14 138 39 90 165 40 185 152 26 100 86 101 75 120 44 25 55 52 23 117 18 193 41 65 162 180 154 70 135 133 79 63 136 158 53 121 189 167 106 178 49 122 151 149 184 112 123 127 21
20;63;85690.00;175;63 79 151 43 54 30 177 10 112 121 26 100 180 135 123 127 70 154 53 86 101 2 129 92 152 181 159 22 146 34 160 184 4 84 35 131 149 162 133 94 124 148 9 62 167 120 25 171 16 44 75 1 97 176 93 108 18 139 68 46 137 52 55 57 179 145 78 31 175 113 90 165 40 185 106 178 49 14 144 186 23 89 183 143 117 0 51 109 118 115 193 41 5 42 116 65 59 80 122 136
21;185;87657.00;161;185 40 165 90 81 196 171 16 70 4 177 54 160 181 42 43 184 84 35 47 116 59 118 115 68 46 109 51 176 80 148 49 178 106 14 144 102 62 9 137 139 41 193 159 22 34 48 112 127 75 44 25 120 63 122 0 143 117 93 140 183 89 23 186 97 1 152 92 57 55 52 124 94 189 121 100 26 101 2 78 31 56 113 175 145 179 135 123 149 131 65 162 151 133 79 180 154 53 86 129
22;159;87020.00;150;159 18 0 143 183 14 165 119 40 90 81 185 106 137 176 51 72 151 133 162 123 112 4 84 184 160 115 198 139 68 46 65 131 149 154 158 53 86 75 171 175 113 31 179 92 101 26 100 121 180 135 70 127 10 177 54 34 146 22 181 42 118 80 167 129 57 55 52 178 49 144 15 64 114 89 23 186 9 62 102 148 124 94 97 1 120 25 145 78 16 44 2 152 63 79 41 193 43 116 59
23;57;87265.00;171;57 15 89 0 68 139 193 159 18 22 34 160 127 70 135 154 25 16 171 175 113 56 31 121 136 180 158 53 97 1 120 44 75 86 100 26 101 2 78 145 196 81 90 92 129 152 94 63 151 118 59 72 162 123 112 4 177 184 131 149 133 79 80 176 186 23 137 51 46 117 143 183 114 178 106 52 185 40 119 165 138 14 144 116 43 42 181 41 115 65 122 124 167 148 9 62 102 49 55 179
24;97;83796.00;154;97 1 92 145 179 106 178 49 62 9 148 23 183 89 186 144 14 138 52 55 31 113 175 171 16 78 129 189 133 162 160 34 146 22 181 42 43 77 131 47 65 46 68 117 143 0 51 151 149 184 48 54 177 10 190 84 4 112 123 127 70 135 154 180 94 124 152 2 82 25 44 120 75 86 100 53 63 79 122 26 101 57 185 40 81 90 165 137 59 116 5 41 193 139 115 118 109 176 80 121
25;186;87045.00;156;186 23 89 183 137 176 151 72 59 116 115 41 193 159 22 181 42 5 43 65 112 84 184 160 34 54 177 123 127 135 79 122 63 158 53 100 26 97 1 101 2 82 78 175 171 16 44 120 162 149 131 148 178 52 55 57 92 129 152 189 121 133 139 140 93 117 143 153 124 94 180 154 86 75 25 113 56 31 145 80 51 118 46 68 0 144 102 14 138 165 119 40 90 81 185 106 49 62 9 15
26;47;87212.00;151;47 131 35 84 112 4 10 177 54 48 184 154 158 53 100 86 101 1 152 62 9 148 124 26 97 2 16 171 175 113 31 78 25 44 120 75 162 160 34 181 42 5 46 0 89 183 143 117 93 68 139 115 118 137 144 49 52 55 176 51 59 116 105 149 123 135 180 14 21 7 164 106 178 167 94 80 79 63 121 129 57 185 40 119 165 90 81 196 145 92 133 151 43 41 193 159 18 22 146 65
27;175;85315.00;151;175 171 16 79 133 162 123 149 65 59 51 137 23 148 37 102 155 144 62 9 167 128 3 185 40 119 165 138 14 49 124 135 70 127 151 80 176 115 193 159 22 177 10 4 112 184 43 42 5 139 68 93 117 46 41 181 34 54 160 116 0 143 183 89 186 15 90 81 113 56 157 196 2 152 97 1 101 26 94 122 63 180 154 53 100 86 75 120 44 25 78 145 92 129 57 55 52 178 106 31
28;137;82256.00;159;137 51 59 116 65 131 149 162 94 124 167 178 106 52 55 129 82 120 2 133 151 118 46 139 115 43 184 177 54 160 34 146 159 193 41 5 42 181 22 18 108 148 185 119 40 81 90 27 165 152 97 1 86 158 135 123 127 70 154 180 53 63 79 80 66 176 122 121 100 26 101 75 44 25 78 16 171 175 113 56 31 196 179 145 92 57 3 138 14 49 144 62 9 183 143 117 0 153 89 23
29;44;84907.00;169;44 196 169 40 119 138 14 144 143 117 0 46 118 109 51 122 63 94 124 148 15 114 186 137 176 80 79 133 162 123 149 43 42 181 22 146 34 160 54 184 65 116 115 139 193 41 59 180 154 158 53 121 102 49 3 178 106 179 145 78 25 82 23 89 183 151 135 70 86 101 100 26 97 2 129 92 57 185 8 165 39 27 90 81 56 113 175 171 16 31 55 52 62 9 37 167 152 1 75 120
30;5;85970.00;165;5 41 193 115 118 94 124 148 9 62 144 14 165 27 90 81 196 101 70 127 112 177 54 184 131 65 59 51 79 63 97 1 2 82 145 179 185 40 78 25 75 86 158 154 135 180 53 121 100 26 120 44 16 171 175 113 56 31 106 178 49 102 114 89 183 0 68 159 146 22 18 117 143 186 15 52 55 57 92 129 152 122 42 181 139 46 23 137 176 80 133 151 162 123 149 160 34 43 47 116
31;121;84330.00;162;121 63 79 122 189 82 145 78 101 53 180 154 86 75 44 25 120 2 97 26 100 176 46 139 159 22 18 108 193 41 43 131 123 149 47 65 116 42 5 115 0 117 143 183 89 23 135 70 127 112 4 177 54 48 34 146 181 160 184 35 162 151 133 94 3 178 55 57 92 129 80 59 118 51 137 167 52 185 40 119 165 90 31 113 175 171 16 179 106 138 14 49 102 144 62 9 148 124 152 1
32;26;84227.00;154;26 86 101 129 57 185 40 81 90 165 89 183 143 117 0 122 63 180 121 53 158 154 133 162 149 131 79 94 49 3 178 55 52 106 14 144 15 186 23 137 51 118 59 18 108 68 176 92 145 78 2 97 1 120 25 31 113 175 171 16 44 75 135 70 127 123 112 4 84 190 10 177 54 30 22 159 193 41 139 46 115 116 43 5 42 181 146 34 160 48 184 65 151 80 148 9 62 167 152 100
33;40;86767.00;165;40 119 185 108 18 22 159 2 120 44 25 145 78 16 171 175 113 56 31 81 196 106 178 3 49 62 9 37 148 137 51 118 160 34 54 177 184 116 65 59 162 151 133 135 70 127 123 149 131 43 42 181 193 41 115 94 97 1 26 100 86 75 82 92 57 186 23 46 139 117 0 143 183 89 15 144 102 129 101 53 158 154 180 79 80 176 122 63 182 121 152 14 21 164 27 90 165 52 55 179
34;116;84016.00;166;116 43 160 48 184 123 152 179 196 81 90 165 119 40 185 55 57 92 82 25 44 120 75 86 101 1 26 100 121 53 158 180 133 176 80 79 63 97 2 129 145 78 31 113 175 171 16 0 143 117 18 22 159 115 51 137 148 37 23 46 68 139 193 41 5 42 181 34 54 177 4 112 127 52 106 178 144 114 183 89 186 15 9 62 102 14 49 124 94 154 70 135 162 151 118 59 65 149 131 47
35;120;87551.00;141;120 44 75 86 149 131 77 47 65 51 9 62 57 129 82 92 179 145 78 16 171 175 113 56 31 157 196 185 106 178 167 94 80 116 43 160 34 181 41 139 115 59 151 194 127 112 4 84 123 162 133 79 180 53 100 97 1 101 2 55 52 152 63 118 193 159 146 22 18 108 137 23 89 183 144 14 165 27 90 81 40 49 148 176 46 68 117 143 170 0 42 48 54 177 184 35 70 135 154 26
36;133;88614.00;149;133 151 65 116 43 127 70 100 1 2 55 14 144 21 164 27 90 81 196 179 129 152 94 124 23 183 89 186 148 167 57 92 16 171 175 113 31 78 120 101 26 121 182 63 79 80 0 143 117 46 48 54 177 35 149 123 162 59 115 41 193 159 22 18 139 118 51 176 9 62 49 178 106 185 165 15 137 42 181 34 160 184 84 4 112 135 154 189 52 119 40 97 53 180 158 86 75 44 25 145
37;162;88715.00;152;162 133 63 182 121 100 26 86 53 180 135 154 158 101 129 92 78 145 179 57 115 18 108 93 183 89 186 148 167 124 94 23 137 118 59 116 42 5 193 159 22 34 54 177 10 190 48 181 41 139 68 117 170 143 152 2 25 44 120 1 97 55 52 185 40 14 144 62 9 0 46 109 51 176 75 16 171 175 113 31 81 90 165 106 178 49 102 149 184 160 43 65 151 80 122 79 70 127 112 123
38;97;82856.00;142;97 152 167 49 14 138 165 119 185 57 92 78 145 179 40 90 81 196 31 113 175 171 16 25 129 2 148 9 62 102 144 15 186 23 143 117 93 140 68 139 115 118 59 149 131 184 43 116 65 154 180 53 86 26 100 121 135 70 127 162 151 79 63 80 176 137 0 46 108 18 22 34 160 48 54 177 123 133 94 55 52 106 178 3 114 89 183 41 193 159 146 181 42 51 1 120 44 75 101 189
39;4;84641.00;151;4 84 35 123 44 25 78 92 167 46 68 108 18 139 116 65 162 151 72 59 115 41 193 159 22 146 34 160 54 177 184 131 133 180 158 53 79 51 118 96 5 181 42 43 47 149 135 154 121 100 26 86 101 75 120 82 2 1 97 152 57 55 52 81 90 165 40 185 49 9 62 144 14 138 106 178 148 137 23 186 89 183 143 0 176 80 122 63 94 124 129 145 31 113 175 171 16 70 127 112
40;68;86091.00;187;68 46 0 23 186 137 176 154 180 9 62 102 49 14 52 55 57 190 10 177 54 48 34 22 193 41 139 94 120 25 44 75 86 121 53 135 70 127 184 160 181 42 43 65 116 115 59 118 51 80 63 189 152 97 26 100 101 1 2 129 92 81 90 27 39 165 138 167 124 79 133 151 162 123 112 4 84 35 149 148 3 178 106 185 40 179 145 78 31 16 171 175 113 56 157 196 144 183 143 117
41;159;86692.00;181;159 5 116 59 102 49 178 106 52 152 100 158 154 135 127 10 177 54 184 35 123 162 124 148 9 62 15 114 89 183 143 117 0 137 80 79 133 151 65 43 160 34 146 22 181 42 120 78 145 57 55 185 196 31 113 175 171 16 25 44 75 70 112 4 84 131 149 180 53 86 101 2 129 92 179 81 90 40 165 14 144 186 23 46 139 193 41 115 118 51 176 94 97 1 26 121 63 68 18 108
42;184;91288.00;158;184 112 180 26 97 57 55 52 53 158 154 135 70 127 123 149 115 139 41 193 34 54 177 160 42 46 89 186 21 164 27 90 81 196 40 119 165 185 178 62 9 15 23 137 80 133 151 51 0 117 170 143 183 144 14 106 179 31 113 175 171 16 44 101 63 118 59 159 22 18 108 68 121 100 94 124 148 37 167 152 1 2 120 129 92 49 102 176 116 43 131 162 86 75 25 78 145 79 47 65
43;108;87138.00;148;108 90 81 31 171 175 113 196 165 138 14 144 0 139 159 22 146 34 181 59 80 94 124 176 51 46 115 65 131 149 123 127 135 154 180 79 133 162 160 48 54 177 10 184 35 84 112 70 158 53 136 121 100 26 86 101 75 120 44 25 16 78 145 167 148 118 116 43 42 193 41 151 63 152 179 40 185 106 178 52 55 57 92 129 2 1 97 137 23 186 15 9 62 49 102 89 183 143 117 18
44;143;84021.00;156;143 183 89 9 62 92 44 25 78 40 119 196 157 31 120 2 1 26 100 180 135 154 53 86 75 16 171 175 113 56 81 90 27 164 7 21 144 102 124 94 152 97 63 79 80 137 23 186 148 57 145 179 55 52 178 106 185 165 138 14 49 176 59 184 160 48 54 177 4 112 127 70 162 123 149 65 43 116 118 51 129 82 101 133 151 115 139 108 18 22 159 193 41 5 42 34 181 46 0 117
45;78;85556.00;168;78 92 57 89 183 0 68 198 115 5 42 159 146 22 18 108 93 117 143 144 14 165 90 40 185 106 52 55 152 97 1 101 75 86 121 94 148 102 62 9 15 80 135 127 123 35 84 112 4 190 10 177 54 160 43 65 47 131 149 162 151 133 79 63 53 100 26 2 120 113 175 171 16 44 129 167 186 23 137 176 51 109 118 116 181 34 184 70 154 158 180 59 41 193 139 46 49 178 145 31
46;160;85176.00;170;160 184 59 80 122 2 129 92 57 55 9 62 102 3 178 106 165 39 27 90 40 145 78 120 75 123 4 112 127 70 152 52 185 196 31 113 175 171 16 25 44 176 115 46 0 170 143 117 108 18 22 43 116 65 149 162 135 154 180 158 53 189 167 49 14 144 15 137 51 118 72 151 133 79 63 121 100 26 86 101 1 97 94 124 148 186 23 89 183 139 5 42 41 193 159 195 146 181 34 54
47;183;85678.00;152;183 101 75 120 82 129 55 52 3 186 23 89 114 15 102 49 62 9 37 79 133 135 70 154 180 121 124 148 167 57 145 157 56 113 31 78 25 2 1 123 149 43 42 160 181 193 41 139 115 118 51 80 176 137 144 14 138 165 40 185 106 178 94 122 63 158 53 100 26 97 152 74 92 179 196 90 81 175 171 16 44 86 162 151 59 65 116 184 10 177 54 34 22 18 108 68 46 0 117 143
48;25;86950.00;193;25 175 113 31 55 52 167 79 162 149 65 116 178 106 138 14 49 102 62 9 186 23 117 108 18 22 146 34 54 177 10 4 112 84 35 184 160 5 96 41 193 115 118 59 86 75 2 129 57 92 145 78 171 16 44 120 152 137 0 68 46 109 51 151 133 180 154 158 63 80 176 15 148 26 100 121 53 135 70 127 123 131 43 42 181 159 139 143 183 89 144 165 90 40 185 1 101 97 94 124
49;120;88557.00;150;120 2 129 55 52 106 185 40 90 165 178 102 148 149 131 123 127 112 4 84 176 9 62 144 14 49 152 1 97 35 184 177 54 48 34 160 42 5 181 22 159 193 41 124 167 57 92 145 113 175 171 16 78 15 183 143 117 0 46 198 115 118 51 137 23 186 89 116 65 162 133 79 80 122 94 26 100 53 158 180 154 70 135 47 43 18 69 108 68 139 59 72 151 63 182 121 86 101 75 44
50;133;93279.00;144;133 51 46 117 143 170 0 52 55 129 2 94 80 176 137 183 89 144 14 49 148 122 79 63 180 158 101 120 25 44 75 86 59 41 193 159 18 108 68 139 115 43 35 84 184 160 42 116 106 185 40 165 178 118 181 22 146 34 54 162 121 100 26 97 1 152 124 167 57 179 145 31 56 113 175 171 16 78 92 151 65 47 123 127 135 154 9 62 15 186 23 149 131 112 4 190 10 177 70 53
51;65;81796.00;158;65 43 42 160 48 184 149 154 180 53 86 101 75 120 44 25 31 113 175 171 16 78 92 129 57 55 52 138 14 49 102 167 124 135 70 127 112 4 177 54 34 146 22 18 108 93 117 137 176 94 100 26 148 23 186 114 15 9 62 144 21 164 39 165 185 40 119 27 90 81 145 2 1 97 152 106 178 3 89 183 68 139 193 41 116 115 46 0 143 51 151 162 123 133 79 63 80 118 59 47
52;0;83835.00;171;0 170 143 183 89 144 14 49 102 148 124 122 79 151 59 118 51 176 80 167 52 55 129 2 97 26 100 1 78 145 152 63 133 184 160 54 177 10 4 112 53 101 120 44 25 31 157 81 90 165 119 40 185 179 92 57 178 3 106 196 113 175 171 16 75 86 121 115 43 116 65 131 149 162 123 127 70 135 154 180 94 9 62 15 137 46 68 139 69 108 18 41 42 181 34 146 22 159 193 117
53;186;89479.00;169;186 23 0 46 139 41 181 54 177 75 16 175 171 44 1 101 86 26 100 121 182 63 122 176 80 79 133 151 118 115 117 143 183 89 9 62 120 25 31 56 113 81 196 152 53 70 112 4 135 154 180 94 167 178 106 57 129 2 97 162 160 34 22 18 159 193 5 42 131 127 123 149 65 47 35 184 43 116 59 51 137 92 78 145 55 52 148 37 102 49 138 165 27 90 119 40 185 14 144 15
54;143;85592.00;164;143 170 0 118 59 116 105 43 115 89 183 46 139 41 193 159 146 22 18 108 117 23 62 102 14 144 137 51 65 47 72 80 79 63 189 100 121 133 151 162 194 135 180 25 56 113 175 171 16 44 120 75 86 101 1 145 78 31 157 196 81 40 165 185 106 52 55 57 92 129 82 2 152 97 26 53 154 70 127 123 131 42 181 34 160 48 54 177 10 184 35 149 9 49 178 167 148 124 94 176
55;53;83283.00;147;53 86 101 129 92 78 25 44 120 63 80 151 133 135 70 127 123 112 184 54 160 34 181 42 43 116 65 51 176 124 167 196 157 38 31 56 113 81 90 40 185 57 2 1 158 154 180 162 149 131 193 159 22 18 68 46 118 59 115 41 139 117 0 143 183 137 23 186 15 148 94 121 100 26 97 152 55 52 165 39 95 164 7 21 138 178 3 14 144 62 9 49 106 179 145 175 171 16 75 79
56;22;86085.00;167;22 146 103 34 181 193 159 18 108 93 117 143 170 0 46 118 72 151 94 124 145 78 31 157 196 81 165 39 27 90 40 185 70 112 177 54 123 167 3 49 102 62 9 176 51 43 160 184 149 162 133 63 148 144 14 138 178 106 52 55 152 100 26 97 57 179 92 129 2 1 101 120 44 16 171 175 113 56 25 75 86 53 158 180 154 135 79 80 137 23 89 183 59 65 116 42 41 115 139 68
57;97;83925.00;160;97 124 186 23 63 158 53 152 55 52 185 40 165 90 81 196 31 113 175 171 16 44 75 86 100 79 59 115 198 46 68 139 41 193 146 22 159 0 89 183 143 117 93 108 18 69 140 15 144 14 49 102 167 121 180 154 135 70 127 123 112 4 190 10 177 184 43 116 65 149 162 151 51 176 80 94 129 57 92 145 78 120 26 133 160 48 54 34 181 42 118 137 148 9 62 178 106 2 101 1
58;148;91227.00;166;148 9 144 14 49 102 62 114 23 143 117 93 108 18 54 177 184 84 112 35 43 42 5 183 89 138 165 90 119 40 106 178 80 133 151 162 135 154 180 53 2 196 81 185 52 55 57 129 152 189 94 124 137 186 15 167 92 145 31 56 113 78 101 123 160 34 181 68 0 120 25 175 171 16 44 75 86 70 127 65 116 59 79 63 121 100 26 1 97 176 46 139 22 159 193 41 115 118 51 122
59;171;87919.00;161;171 16 75 86 70 190 10 177 54 41 139 68 46 137 9 102 178 106 52 55 152 1 2 129 92 57 179 145 82 53 194 123 149 131 47 65 59 118 151 51 0 117 143 183 89 186 62 144 14 185 40 90 27 165 138 49 148 176 115 193 159 22 34 160 184 4 112 84 35 162 133 63 182 121 100 26 97 101 120 25 113 56 31 78 124 94 80 79 180 158 154 135 127 43 42 181 5 116 44 175
60;106;89690.00;148;106 52 175 171 16 184 160 181 193 41 115 109 51 137 23 186 148 167 124 152 2 101 1 97 121 136 180 162 149 131 47 65 116 59 176 80 151 72 118 139 68 46 0 89 144 49 102 62 94 35 84 123 135 154 86 75 120 44 129 92 78 113 31 145 179 57 55 9 15 34 54 177 10 4 112 127 70 158 53 100 26 189 63 79 133 43 42 159 22 18 108 117 143 183 14 165 90 40 185 178
61;190;85731.00;174;190 84 112 70 86 75 101 26 100 53 180 154 135 151 133 121 97 1 129 92 57 181 34 146 22 159 193 18 108 117 143 21 164 90 31 113 175 171 16 78 145 25 44 120 2 152 94 63 79 137 23 89 183 0 116 105 160 48 184 35 123 127 194 162 59 115 46 68 139 41 5 42 43 77 131 149 80 9 62 144 49 14 165 40 185 55 52 106 178 148 176 51 118 65 47 10 177 30 54 4
62;193;80849.00;166;193 41 181 160 48 43 77 47 65 149 131 184 84 35 162 151 133 80 79 63 152 92 57 40 90 165 185 106 62 9 148 94 121 53 158 180 154 135 70 127 123 112 4 190 10 177 54 30 34 18 108 93 89 23 137 176 51 0 117 143 183 186 129 44 120 2 1 97 26 100 86 101 75 16 171 175 113 78 145 55 52 178 3 49 102 14 144 15 46 68 139 115 118 59 116 42 5 159 22 146
63;40;87934.00;182;40 90 165 49 102 137 176 80 94 120 44 25 82 129 2 97 121 53 180 154 135 70 158 100 26 124 148 15 186 23 89 183 143 0 117 93 68 139 5 184 35 86 101 1 167 9 62 144 14 178 106 52 55 51 109 46 193 159 22 34 4 112 127 194 123 131 149 151 79 63 152 78 31 113 175 171 16 75 162 47 43 42 116 65 59 118 115 41 181 160 54 177 84 133 92 145 196 185 179 57
64;62;87547.00;161;62 9 148 51 160 54 34 181 118 124 57 129 2 158 112 84 184 35 180 100 26 101 1 97 152 94 189 121 53 136 63 122 80 176 153 143 117 93 140 68 139 115 149 123 127 70 135 154 151 59 193 41 116 65 47 86 75 120 44 16 171 175 113 78 145 92 185 40 165 90 81 196 178 49 167 79 133 162 131 43 42 159 146 22 18 69 108 46 0 183 89 23 137 15 144 14 138 106 52 55
65;149;86470.00;157;149 47 116 115 68 0 176 80 79 180 53 86 101 1 167 106 178 14 165 27 90 40 185 55 152 26 100 94 137 23 186 89 183 143 117 108 18 159 193 120 25 16 171 175 145 52 49 144 62 9 148 124 63 133 151 60 46 198 139 41 5 43 70 135 154 158 75 44 113 56 31 78 92 57 129 82 2 97 121 65 42 181 22 34 160 54 177 10 190 184 35 131 59 118 109 51 72 162 123 127
66;146;85773.00;160;146 22 18 108 68 185 40 90 81 196 31 78 145 92 152 124 148 9 62 167 129 25 44 120 101 100 158 154 135 194 123 162 151 176 137 89 183 143 117 0 118 59 51 23 186 15 144 102 49 52 55 57 2 1 97 26 121 63 94 14 138 165 106 178 80 72 149 131 127 70 16 171 175 113 75 86 53 180 79 133 112 84 184 177 54 48 34 159 139 46 115 116 65 43 42 5 41 193 181 160
67;102;90144.00;189;102 49 3 178 106 145 78 92 129 120 44 16 171 175 113 40 185 52 53 70 127 112 84 184 43 176 9 62 15 114 143 117 108 18 139 115 116 47 65 124 55 57 2 101 86 121 100 26 97 1 152 167 148 153 0 68 46 131 149 123 162 72 109 51 144 14 138 165 90 81 196 31 25 75 177 54 160 34 22 193 41 42 135 154 158 180 63 122 79 80 137 23 186 89 183 118 59 151 133 94
68;137;87807.00;168;137 186 15 148 152 97 1 101 154 135 127 84 4 112 70 86 75 120 44 16 171 175 113 31 78 145 196 81 106 178 49 62 9 55 57 92 129 2 124 23 89 183 176 80 26 100 121 63 51 109 118 46 115 116 59 151 133 79 94 179 40 119 185 52 167 162 184 177 54 146 22 159 139 68 144 14 165 90 21 143 0 117 108 18 193 41 181 34 48 160 42 43 77 47 65 131 149 123 180 53
69;52;92050.00;131;52 106 178 3 148 176 46 139 193 159 108 18 22 34 160 70 82 56 31 55 9 23 186 15 102 49 14 144 62 127 112 4 177 184 43 116 185 40 119 165 39 81 113 175 171 16 44 120 75 53 162 65 131 149 123 135 154 180 79 80 51 115 41 42 124 179 196 90 27 164 21 167 152 97 1 101 86 100 189 94 137 183 143 117 0 118 59 72 151 133 63 121 26 2 129 57 92 145 78 25
70;92;85346.00;156;92 185 40 90 81 196 75 86 180 43 42 160 34 22 18 139 198 115 116 65 59 118 23 186 148 37 167 97 26 101 1 2 120 44 25 78 145 124 94 80 176 51 72 151 162 133 79 152 129 57 165 164 7 21 14 138 106 52 55 100 135 123 149 184 112 127 70 154 158 53 63 137 89 183 143 0 117 93 68 193 159 146 181 41 46 15 9 62 144 102 49 178 179 31 56 113 175 171 16 82
71;100;85251.00;170;100 121 133 65 116 43 184 160 54 177 112 127 123 162 151 176 80 79 63 53 180 154 135 149 131 42 193 41 86 75 16 171 44 101 26 1 120 25 78 145 185 119 40 81 196 31 56 113 175 179 55 9 15 186 89 183 143 117 68 139 115 59 51 152 2 82 129 92 57 52 106 178 49 102 62 144 14 21 164 27 90 39 165 137 46 181 34 146 22 18 108 0 23 148 167 124 94 189 19 97
72;144;92387.00;140;144 14 49 167 124 94 180 154 162 151 133 79 26 101 44 25 113 175 171 16 75 86 149 65 116 59 51 145 78 120 2 1 97 40 119 90 165 185 106 178 118 5 42 181 22 159 115 31 81 196 179 55 52 176 43 184 177 54 48 160 34 193 41 139 46 137 15 62 9 148 80 123 84 4 112 127 70 135 53 100 121 63 122 189 152 129 92 57 186 23 89 143 170 117 108 18 69 68 0 183
73;121;89472.00;159;121 133 41 193 139 117 0 118 59 149 131 116 115 68 140 93 143 183 185 196 81 90 40 165 15 114 89 176 151 162 135 154 180 44 16 25 120 75 70 127 112 84 184 35 123 171 175 113 31 78 145 65 43 42 160 177 54 34 181 146 22 18 108 46 51 79 63 94 167 3 178 106 152 189 26 100 53 158 86 97 1 2 129 92 57 55 52 49 102 14 144 62 9 37 148 186 23 137 80 101
74;48;83851.00;157;48 181 159 193 41 139 46 51 176 80 122 63 79 151 133 180 136 53 158 154 135 123 131 43 42 160 184 149 9 62 49 55 129 2 152 94 70 127 112 4 84 162 121 100 26 44 16 171 175 113 145 185 119 40 81 90 27 165 14 144 15 186 23 89 183 178 106 52 97 1 101 86 75 120 78 92 57 167 148 124 12 137 118 59 65 116 115 68 0 143 117 93 108 18 22 146 34 30 177 54
75;3;85775.00;184;3 14 144 62 9 49 178 179 25 44 16 171 175 90 165 148 46 139 5 116 65 149 131 35 190 10 177 54 18 117 0 143 183 89 114 15 186 23 137 124 152 2 129 92 78 145 196 31 113 120 53 180 154 162 151 133 136 121 100 26 97 1 101 86 75 82 55 52 185 40 119 106 80 176 51 118 115 41 193 42 123 135 70 127 112 84 48 34 146 22 181 160 184 43 59 79 122 63 94 57
76;81;83641.00;175;81 90 27 39 165 40 185 179 57 129 2 1 63 133 162 123 112 4 177 54 34 115 46 139 41 193 117 143 186 15 9 62 144 14 167 152 97 26 121 122 0 93 108 18 22 159 116 65 47 149 59 118 109 51 80 176 137 23 89 183 131 35 184 160 181 42 43 151 79 94 124 148 102 49 178 106 52 55 180 135 127 70 154 53 100 92 145 78 31 56 113 171 25 44 120 101 86 75 16 175
77;41;89908.00;153;41 193 18 108 26 75 16 171 175 113 31 78 129 2 101 86 154 135 127 112 4 70 92 145 196 81 90 119 40 52 55 57 25 44 120 1 97 53 180 123 149 131 47 116 65 162 133 79 148 9 62 15 176 35 84 184 177 54 160 43 80 94 124 167 3 178 106 185 165 89 183 0 46 198 115 139 68 117 143 153 23 186 137 51 59 42 181 34 146 22 159 144 14 138 49 102 152 63 151 118
78;86;82393.00;161;86 53 180 79 133 151 162 135 70 154 121 189 124 114 186 23 137 176 122 80 51 46 68 139 198 115 148 167 52 55 57 179 31 56 113 175 171 16 25 44 120 75 1 97 2 82 78 145 157 196 81 90 165 119 40 185 106 92 129 152 94 117 108 18 22 193 41 181 42 43 116 65 131 149 123 127 112 177 54 34 160 184 59 118 15 9 62 102 49 178 14 144 89 183 143 0 63 100 26 101
79;116;88570.00;176;116 65 149 162 133 101 2 129 92 57 186 23 137 118 59 184 190 10 177 54 160 34 146 22 159 18 108 69 193 41 181 42 43 151 80 178 3 49 143 0 117 93 68 139 46 51 176 94 82 16 171 175 113 31 81 90 165 14 144 183 89 15 102 179 145 78 70 127 112 84 35 123 135 154 100 26 152 62 9 148 124 189 97 1 120 25 44 75 86 53 180 79 63 167 55 52 185 40 106 115
80;92;84892.00;182;92 129 152 123 84 112 127 135 53 100 26 121 162 43 42 181 195 146 22 159 41 193 18 108 69 139 118 59 72 151 133 63 94 167 55 52 106 178 14 144 65 116 115 46 143 183 89 148 124 97 1 101 2 57 49 102 62 9 15 114 186 23 137 176 80 79 180 154 51 0 117 93 140 68 47 149 131 35 184 160 34 54 177 10 190 4 70 86 75 120 44 16 171 175 113 40 165 185 145 78
81;16;85720.00;167;16 171 175 113 56 178 49 148 154 135 70 127 184 160 34 48 54 177 10 190 4 112 123 162 80 176 0 117 143 137 94 26 100 180 149 131 43 42 181 41 193 22 18 108 139 115 118 51 183 89 23 186 114 15 9 52 55 57 179 145 92 129 124 59 116 65 53 86 101 167 144 21 164 27 90 165 106 152 97 1 2 120 25 44 75 63 79 133 151 46 68 62 102 14 185 40 81 196 31 78
82;143;88363.00;154;143 117 0 51 151 133 162 59 65 116 43 160 34 146 22 181 149 123 127 79 124 9 62 15 118 115 42 159 193 41 144 14 52 145 31 113 175 171 16 78 92 167 114 186 89 183 23 137 176 46 68 18 139 80 148 49 3 178 106 165 90 81 196 179 129 63 180 158 53 101 75 86 70 112 4 10 177 54 184 135 154 121 100 26 1 97 189 94 152 2 120 44 25 82 57 55 185 40 119 102
83;94;87256.00;153;94 145 175 171 16 25 44 120 75 101 86 133 151 65 43 116 59 100 26 1 2 78 31 113 56 157 196 40 119 165 138 14 102 80 162 123 127 70 135 154 158 53 180 35 184 54 177 4 112 131 149 79 63 121 97 152 57 55 52 185 90 81 179 92 129 167 124 176 51 118 46 115 42 160 34 22 159 18 148 9 62 49 178 106 164 7 21 144 186 89 183 143 117 0 23 137 68 139 193 41
84;117;86450.00;181;117 143 183 89 62 9 148 80 176 116 65 47 149 131 43 42 137 23 186 144 14 3 178 49 0 108 18 22 146 103 195 181 160 184 123 120 44 25 16 171 175 145 92 46 139 159 193 41 115 59 118 51 151 162 133 79 63 121 101 1 152 97 26 100 53 158 180 154 70 135 122 94 52 55 57 129 2 124 167 106 185 40 119 165 90 81 113 31 78 82 75 86 127 112 4 10 177 54 34 68
85;62;93325.00;170;62 15 186 23 137 151 162 133 79 101 1 2 129 92 179 40 119 81 196 145 94 43 42 181 193 41 116 135 70 16 171 175 25 44 75 86 53 154 180 63 182 121 100 26 97 152 102 14 39 165 138 9 46 139 159 22 146 115 176 124 78 31 56 113 120 80 18 108 117 0 143 183 89 148 167 57 185 90 27 164 21 144 51 59 65 131 149 123 112 4 177 54 34 160 184 178 106 52 55 49
86;89;85949.00;150;89 23 137 148 167 82 120 75 26 100 121 53 63 94 9 62 102 49 171 175 113 56 31 157 179 52 55 57 152 97 1 101 2 129 92 178 3 32 138 185 78 25 44 16 40 119 165 106 124 79 80 176 51 117 93 140 68 46 118 59 184 10 177 54 48 34 160 42 115 139 193 41 116 43 35 84 112 127 70 154 180 133 151 162 65 149 123 135 86 145 196 81 90 39 14 144 183 153 143 0
87;117;86194.00;176;117 68 139 46 148 178 106 185 52 55 152 121 180 154 53 100 26 101 120 44 129 2 1 97 93 108 18 22 159 193 41 115 118 51 151 59 65 116 5 42 181 34 10 190 84 35 131 149 135 70 86 75 25 16 171 175 113 31 49 15 114 186 89 23 176 80 184 177 54 48 160 43 133 79 94 63 162 123 112 127 124 9 62 144 14 165 40 90 81 196 179 145 78 92 57 167 137 0 143 183
88;0;84126.00;158;0 143 117 115 42 48 177 54 30 34 22 18 159 181 160 184 162 124 167 9 37 148 51 118 59 116 43 41 193 139 46 49 178 106 40 119 90 81 196 145 78 120 44 25 16 171 175 113 31 157 52 55 57 152 94 151 149 131 123 154 2 129 92 179 185 165 39 164 21 14 144 62 15 186 137 80 79 63 100 26 97 1 101 75 86 53 180 65 47 35 112 127 70 135 133 176 23 89 183 153
89;25;83615.00;166;25 78 81 90 164 21 144 14 49 152 1 97 121 63 79 180 158 154 112 4 10 177 54 48 160 34 146 22 18 159 42 43 116 53 100 26 86 101 75 31 113 175 171 16 120 2 124 94 51 118 115 139 41 193 181 184 35 123 127 70 135 194 162 133 80 151 59 65 47 131 149 176 148 178 185 40 165 137 0 143 117 93 68 46 183 89 9 62 102 3 179 145 92 57 52 106 55 129 82 44
90;176;88501.00;152;176 62 14 144 89 183 143 117 0 46 115 139 18 159 22 146 181 5 106 185 165 119 40 81 196 31 113 175 101 116 43 42 160 184 177 54 48 34 193 41 51 137 23 186 15 9 82 44 120 75 86 127 123 162 151 133 79 63 148 102 49 167 152 26 100 53 154 70 135 180 124 178 138 21 164 27 90 52 55 57 129 2 97 1 25 16 171 78 145 92 94 122 80 72 149 131 47 65 59 118
91;121;82740.00;168;121 79 80 176 46 68 117 143 183 89 153 0 108 18 22 34 160 184 177 54 48 181 193 41 42 43 151 86 75 120 78 145 179 185 169 196 81 90 40 119 165 39 138 14 144 62 102 49 178 106 52 55 57 2 152 1 97 26 100 133 149 131 65 116 59 51 109 118 115 139 137 23 186 9 129 25 44 101 53 162 123 127 70 135 154 180 63 94 124 148 167 92 16 171 175 113 56 31 157 82
92;165;90339.00;149;165 39 196 179 106 178 62 9 65 184 177 54 43 116 180 53 100 26 97 78 31 113 175 171 16 57 115 46 15 144 14 90 81 145 92 129 2 152 1 120 25 44 75 101 86 121 182 136 63 79 80 176 51 151 162 123 127 135 154 158 189 167 148 124 94 133 149 131 35 84 112 70 55 52 186 117 68 139 41 193 159 22 146 34 160 181 42 59 118 137 23 89 153 0 143 183 49 185 40 119
93;31;90934.00;145;31 56 113 175 171 16 44 70 127 149 193 69 108 18 22 159 0 144 21 90 81 196 135 112 4 84 123 133 80 176 51 118 59 116 65 162 154 158 100 86 101 75 2 120 25 78 106 3 178 52 55 179 145 57 62 9 131 177 54 48 42 115 122 97 129 92 185 40 119 165 14 49 167 152 94 124 148 137 89 183 143 117 181 34 160 184 35 43 5 41 139 46 151 79 63 180 53 121 26 1
94;97;88266.00;147;97 152 167 9 148 63 121 53 180 135 162 59 118 151 133 79 80 176 137 49 178 106 165 90 14 144 15 89 183 143 117 18 22 159 193 41 43 131 149 47 65 116 115 139 68 140 93 46 1 25 175 113 31 40 185 123 35 184 42 160 34 48 54 30 177 10 4 112 101 75 120 44 16 171 78 145 196 179 57 92 129 2 189 94 124 55 52 102 62 186 23 0 51 72 127 70 86 26 100 154
95;185;84807.00;146;185 165 90 27 164 21 23 137 116 43 42 41 193 159 18 22 34 160 54 177 184 35 59 118 51 46 115 139 68 93 117 89 144 14 102 62 9 15 186 80 94 124 40 81 196 31 78 82 1 101 86 180 154 162 65 131 149 123 127 70 135 151 133 79 122 63 53 100 26 97 152 2 120 44 25 129 167 148 37 55 92 145 179 52 106 178 3 49 114 183 143 0 176 75 16 171 175 113 56 57
96;2;84585.00;171;2 1 97 152 129 92 57 165 90 27 95 164 7 21 144 0 117 143 183 89 186 23 137 148 16 171 175 78 145 26 100 189 124 94 63 122 79 51 118 59 116 43 5 42 160 177 54 34 146 22 193 41 139 46 115 65 149 162 133 135 154 86 75 44 25 82 101 70 127 123 112 184 151 80 176 9 62 102 49 14 179 31 113 56 196 81 40 119 185 55 52 106 178 167 136 180 158 53 121 120
97;118;88715.00;154;118 59 131 149 162 152 2 129 178 106 52 55 57 92 78 31 113 175 171 16 0 117 68 139 5 42 9 62 179 145 25 44 120 75 86 121 63 79 94 124 137 46 198 116 65 35 177 10 190 4 112 127 101 1 97 26 100 53 180 194 123 43 41 193 115 51 80 176 108 18 22 34 160 48 54 184 181 159 143 183 89 186 144 185 40 81 90 27 165 39 164 21 14 49 148 154 70 135 133 151
98;62;89498.00;163;62 115 22 18 108 117 143 138 14 144 114 186 23 137 176 80 94 167 52 55 57 179 196 81 31 25 44 75 86 70 127 112 177 54 34 160 184 123 135 154 158 101 120 82 129 2 1 63 122 79 162 149 131 65 59 118 46 0 153 183 89 92 78 145 185 40 165 106 152 97 121 182 136 53 180 133 151 51 116 43 42 159 193 41 139 68 15 49 178 113 175 171 16 26 100 124 148 37 9 102
99;124;86850.00;176;124 133 112 4 10 177 84 35 123 86 1 97 94 80 59 96 41 139 68 148 167 129 120 44 78 145 179 106 178 52 55 57 2 101 75 16 171 175 113 31 92 152 26 100 121 53 63 137 23 186 102 49 62 9 15 89 46 198 115 116 47 77 43 42 5 65 162 151 176 51 118 193 159 18 22 146 181 34 160 48 54 184 131 149 127 70 135 154 180 79 0 117 143 183 144 165 90 40 185 14
100;186;86792.00;155;186 148 37 167 57 179 145 92 129 26 100 154 70 127 194 135 86 75 44 25 120 2 101 1 152 3 178 106 185 40 81 56 113 175 171 16 46 139 193 41 115 51 121 97 82 78 31 157 196 169 119 165 90 39 138 14 144 15 9 62 102 49 52 55 89 183 143 0 116 65 59 118 151 162 123 149 131 112 84 184 160 34 22 181 42 43 47 133 79 80 176 122 63 180 158 53 94 124 137 23
101;34;88101.00;159;34 159 193 41 59 72 121 97 1 2 57 55 106 178 3 49 152 100 53 180 154 151 46 18 22 146 181 42 43 5 139 115 116 65 149 162 136 26 120 25 44 75 86 70 112 4 190 10 177 54 48 184 118 109 51 176 0 143 183 89 15 62 9 148 122 63 189 129 92 145 52 185 165 14 144 21 90 40 31 113 175 171 16 78 101 158 135 194 133 79 80 137 23 186 124 94 127 123 35 160
102;154;83128.00;163;154 180 53 94 124 189 121 100 26 97 101 86 70 127 123 43 105 116 65 47 131 149 118 109 51 46 139 68 143 183 89 23 186 15 152 1 2 129 14 144 62 9 102 49 106 185 40 165 27 90 81 196 171 16 25 44 120 75 112 84 184 160 181 41 193 159 146 22 18 117 0 137 79 63 175 113 56 31 78 145 92 57 55 52 178 148 176 80 133 151 162 177 54 34 42 5 115 59 135 158
103;65;81832.00;181;65 41 159 22 181 160 184 190 10 177 54 34 42 115 46 0 143 153 183 102 49 52 179 145 31 81 90 165 119 40 185 138 14 144 62 9 148 124 176 80 94 152 2 78 92 57 55 15 186 89 23 137 118 59 151 79 63 133 162 149 193 18 108 93 117 68 139 5 43 35 84 112 123 127 70 135 154 180 158 53 136 121 100 26 86 97 1 101 75 120 44 16 171 175 113 106 178 167 51 116
104;177;83810.00;152;177 54 34 146 22 160 42 115 51 9 62 15 64 114 186 23 79 80 176 137 89 153 0 46 41 193 159 18 139 68 117 143 183 144 102 37 148 152 97 53 180 154 135 70 127 123 149 65 162 100 26 1 2 129 92 78 16 171 175 113 31 179 55 57 120 75 86 101 52 178 167 94 124 49 14 164 27 90 165 106 185 119 40 81 196 145 25 44 63 133 151 72 118 59 116 43 184 112 4 10
105;175;82181.00;179;175 113 31 78 145 179 106 178 52 55 57 92 129 167 46 68 93 117 0 143 183 89 122 63 79 133 151 162 115 139 18 159 22 146 54 184 131 149 59 118 65 116 43 42 160 34 181 193 41 51 176 9 62 102 148 80 123 127 70 135 154 180 53 86 101 185 40 119 165 27 90 81 196 2 1 100 26 97 152 3 49 21 7 164 95 138 14 144 15 186 23 137 124 94 75 120 44 25 16 171
106;26;88882.00;142;26 100 135 177 54 34 146 22 193 68 117 143 0 80 79 63 136 180 133 151 51 118 59 43 42 160 184 176 9 62 144 14 138 165 90 81 196 145 78 92 129 152 94 124 37 102 49 106 185 40 119 21 15 183 89 23 186 148 167 57 31 113 175 171 16 2 46 139 41 115 137 3 178 52 55 25 44 120 75 70 127 123 149 131 47 116 65 162 154 158 53 86 101 1 97 19 189 121 182 122
107;115;89738.00;173;115 117 143 183 89 106 185 40 165 14 144 114 23 186 15 167 92 57 55 52 37 148 176 51 59 65 47 131 149 123 194 135 180 154 70 127 112 4 177 184 35 53 100 26 101 31 113 175 171 16 75 54 34 160 43 137 9 62 102 49 3 178 179 145 78 129 1 97 121 189 0 46 139 108 18 159 22 146 116 162 86 120 44 25 2 152 124 94 63 122 80 79 133 151 118 41 193 181 42 5
108;40;88800.00;159;40 119 165 27 90 81 196 145 78 92 57 55 124 94 80 115 159 18 108 68 46 59 118 183 89 137 176 151 162 133 63 121 189 97 1 152 2 129 167 148 0 117 143 23 49 178 106 185 52 35 184 42 41 193 139 144 14 138 102 62 9 51 116 65 47 131 149 123 127 70 135 79 122 120 25 44 101 26 100 158 154 112 177 54 160 34 146 22 181 43 180 53 86 75 16 171 175 113 31 179
109;47;89551.00;139;47 131 149 162 133 63 94 92 31 113 175 171 16 62 9 37 148 124 97 101 1 152 111 167 25 44 120 75 112 177 54 160 184 123 127 135 79 80 51 109 118 59 72 151 180 154 158 53 100 26 2 129 82 86 121 122 176 68 93 117 143 183 114 73 21 144 15 115 42 181 34 22 159 193 41 139 46 137 57 179 145 78 196 40 165 185 55 52 106 178 14 49 102 186 23 89 0 65 116 43
110;108;89077.00;169;108 18 22 146 181 162 86 75 16 171 25 44 120 79 151 72 118 115 46 139 41 5 116 65 133 121 26 100 53 70 127 135 154 180 148 9 62 80 122 63 94 124 49 14 138 157 56 113 175 31 78 145 179 106 178 167 176 59 184 160 34 54 177 112 123 101 82 92 55 52 90 81 196 152 97 1 2 129 57 185 40 119 165 144 186 23 89 183 137 51 149 131 43 42 159 68 117 143 0 193
111;70;83002.00;161;70 133 79 63 122 80 151 59 65 131 149 180 53 121 152 55 52 185 196 31 171 16 123 181 195 22 146 34 160 48 54 177 10 184 42 193 159 18 108 140 68 46 139 41 115 118 51 176 94 82 120 44 25 175 113 81 90 40 165 138 14 144 186 23 89 183 143 117 0 137 148 167 106 178 49 62 9 124 97 26 100 101 1 2 129 57 92 145 78 75 86 158 154 162 116 43 35 112 127 135
112;4;90065.00;157;4 112 135 154 180 133 79 63 101 1 2 129 57 49 102 186 23 118 116 65 51 176 15 144 62 9 148 124 94 55 52 185 81 196 179 92 70 127 123 149 181 146 22 195 159 18 108 117 143 14 138 165 119 40 90 27 39 106 178 167 152 97 26 100 121 162 59 115 46 0 137 120 25 78 145 89 183 68 139 193 41 42 43 151 80 16 171 175 113 31 44 75 86 53 184 160 34 48 54 177
113;113;81865.00;174;113 56 31 196 144 15 89 183 143 117 0 115 96 5 42 43 65 149 131 35 177 54 34 146 22 181 160 184 84 112 123 162 100 26 86 97 152 57 55 52 178 49 62 9 186 23 137 176 80 79 63 94 167 106 165 90 40 185 145 78 44 120 2 75 101 1 3 138 14 102 148 124 121 53 180 154 70 135 133 151 118 46 68 139 41 193 69 108 18 159 116 59 109 51 122 129 92 16 175 171
114;120;87208.00;163;120 44 75 86 121 176 46 0 183 89 186 62 9 148 124 94 79 133 151 162 149 43 5 42 54 177 4 112 127 178 106 185 40 179 57 167 136 154 135 70 158 53 63 122 137 143 117 93 68 139 116 47 65 59 118 109 51 80 189 97 1 101 129 55 52 138 14 144 102 49 92 145 31 16 171 175 113 56 81 90 165 196 78 25 115 41 193 22 146 181 34 160 184 123 180 100 26 152 74 2
115;51;84187.00;186;51 118 59 115 139 68 46 94 26 100 86 101 1 97 152 49 102 62 9 129 120 44 25 78 145 31 16 171 175 113 81 90 40 165 14 144 23 5 42 181 22 18 108 89 186 148 167 2 75 53 158 154 180 162 43 34 146 159 193 41 96 116 65 149 123 194 135 70 127 112 84 184 160 54 177 10 190 4 151 79 63 122 80 176 137 0 117 170 143 183 114 15 178 106 185 52 55 57 92 133
116;135;84998.00;145;135 184 160 34 146 22 18 159 193 115 118 121 100 124 94 122 80 176 51 0 117 46 116 65 47 131 149 162 180 152 55 185 165 27 90 119 40 81 196 113 175 171 16 31 78 92 129 59 43 42 181 41 139 143 183 89 137 151 127 112 4 177 54 84 123 133 79 63 167 37 148 15 9 62 102 49 52 179 145 25 44 120 57 164 7 21 144 14 178 106 2 75 101 1 97 26 86 53 154 70
117;171;85157.00;177;171 16 186 23 89 183 143 117 0 151 133 180 121 26 100 53 154 162 59 118 72 79 63 152 185 40 165 90 81 113 175 145 179 178 49 102 15 137 149 131 35 112 4 84 184 22 146 34 54 10 177 48 160 115 139 68 46 51 176 80 122 94 124 148 9 62 144 14 106 52 55 57 92 129 65 47 77 43 5 42 181 159 193 41 116 123 127 70 135 97 1 120 25 44 75 86 101 2 78 31
118;5;85168.00;159;5 115 68 108 18 22 159 139 46 137 9 144 14 106 129 2 152 63 94 124 167 178 3 49 102 62 186 23 89 183 143 0 117 93 51 176 120 113 175 171 16 44 75 101 1 97 26 100 86 53 180 154 135 133 151 80 79 52 185 165 27 90 40 196 145 78 92 57 55 148 41 193 146 34 181 42 116 162 70 127 35 84 184 177 10 4 112 123 72 109 118 59 65 47 149 131 43 54 48 160
119;7;86909.00;166;7 21 138 14 167 124 94 186 23 137 68 139 41 193 181 34 160 149 53 1 101 86 158 154 180 162 42 22 18 108 117 143 183 0 46 115 118 51 80 122 189 152 97 26 100 121 79 151 65 43 116 59 176 92 145 78 31 196 185 3 49 178 106 52 55 57 129 2 63 133 123 35 184 112 127 70 135 75 16 171 175 113 25 44 120 82 179 40 119 165 102 37 148 9 62 144 39 90 27 164
120;159;83317.00;157;159 42 43 116 65 162 133 1 120 25 44 75 154 135 180 53 86 101 97 26 100 121 80 176 51 0 143 183 15 62 9 122 79 63 94 124 167 57 31 56 113 175 171 16 152 151 59 118 117 93 108 18 22 146 34 160 54 177 10 184 131 149 123 127 70 2 92 179 196 81 90 119 40 145 78 82 129 55 52 185 165 14 144 114 89 23 186 102 49 3 106 178 148 137 46 68 139 115 41 193
121;79;89643.00;169;79 63 152 82 78 145 92 148 186 89 183 143 0 176 80 133 151 41 159 193 115 118 109 51 59 116 43 47 65 149 123 180 86 75 101 100 26 97 1 2 57 40 90 165 185 14 144 102 62 9 167 129 25 44 120 121 53 154 135 70 16 171 175 113 31 196 15 23 117 68 139 198 46 137 12 94 5 42 181 160 54 177 4 112 127 124 55 52 106 178 3 49 108 18 22 34 184 35 131 162
122;108;87854.00;154;108 117 143 148 92 145 78 82 189 63 79 80 137 23 186 144 95 164 7 21 14 138 81 196 31 113 175 171 75 86 53 158 154 180 136 121 100 26 101 2 129 57 55 52 185 40 90 165 106 178 3 9 183 153 0 51 176 94 124 167 49 102 62 15 89 139 193 41 42 160 34 22 115 152 25 16 44 120 1 97 133 151 72 118 59 65 116 43 184 54 177 112 123 127 70 135 162 46 68 18
123;80;83712.00;177;80 176 151 51 115 41 193 159 22 146 34 160 184 116 65 59 118 123 127 135 180 133 162 149 43 42 5 139 46 0 89 129 44 25 92 144 183 143 117 93 108 18 181 48 54 177 112 70 154 158 53 75 78 145 179 40 185 106 178 3 49 102 14 138 165 27 90 81 196 57 55 52 148 137 23 186 62 9 167 26 100 86 101 1 97 121 136 79 122 94 124 152 2 31 113 175 171 16 120 63
124;2;81956.00;154;2 152 97 1 86 70 112 4 190 10 177 54 41 139 46 143 183 89 23 137 15 62 9 148 167 31 113 175 171 16 78 57 55 52 165 90 164 7 21 138 14 155 144 102 49 178 106 179 145 196 81 40 185 124 94 116 43 42 181 34 160 48 184 35 131 149 123 127 135 154 158 53 180 162 65 115 118 59 151 133 79 63 122 80 176 51 193 22 18 117 0 100 26 101 75 120 44 25 92 129
125;162;88921.00;152;162 0 143 183 89 23 186 148 178 106 3 49 102 14 138 165 119 40 90 81 185 94 151 42 160 54 34 22 159 193 41 139 115 116 43 184 84 112 70 86 175 113 56 78 117 108 18 46 133 180 53 100 101 120 145 179 196 31 171 16 25 44 75 26 121 63 122 79 80 176 51 109 118 59 65 149 127 135 154 97 52 55 57 92 129 2 1 152 167 37 9 62 144 95 164 7 21 15 137 123
126;79;88621.00;176;79 133 123 112 4 84 35 59 137 23 89 183 143 117 0 145 78 16 171 175 113 56 31 25 75 86 158 70 127 135 154 53 152 62 9 176 51 72 149 131 47 116 65 151 167 185 165 40 81 90 21 144 114 186 15 14 138 106 52 55 129 2 101 1 97 26 121 182 63 162 184 160 34 181 42 43 77 180 100 120 44 92 57 178 49 102 148 124 94 118 115 41 193 159 22 18 139 46 80 122
127;120;84641.00;158;120 25 44 75 86 70 112 84 184 131 149 47 65 116 59 51 109 118 115 139 46 68 117 23 62 9 148 137 41 160 54 177 162 133 53 100 26 101 1 97 152 2 129 92 179 57 55 52 138 14 144 89 183 143 0 176 80 122 94 78 145 40 90 81 196 31 113 175 171 16 185 165 106 178 3 49 167 124 180 154 135 127 123 193 159 108 18 22 146 34 181 42 5 43 151 79 63 136 182 121
128;124;86201.00;148;124 94 55 52 106 178 14 144 114 117 68 46 9 62 49 119 40 185 152 97 26 59 116 43 131 149 162 151 72 118 115 139 41 193 159 181 42 184 54 48 160 22 146 34 177 10 4 112 127 70 25 78 31 113 175 171 16 44 120 75 86 154 135 123 47 65 121 100 101 1 2 129 92 57 179 145 157 196 81 90 165 80 176 51 109 133 79 63 180 158 53 137 89 183 143 0 23 186 15 148
129;92;87303.00;160;92 75 180 162 65 116 149 131 43 42 41 115 118 51 176 124 57 175 171 16 70 123 184 160 193 139 80 152 120 44 25 78 145 179 55 52 138 14 49 62 9 15 186 23 148 167 129 2 1 97 101 86 26 100 121 53 154 135 127 112 177 54 48 34 22 159 18 69 108 68 137 185 40 90 27 165 106 178 94 63 122 79 133 151 72 59 46 0 117 143 183 144 21 7 164 81 113 31 157 196
130;41;88328.00;153;41 139 0 183 89 23 137 46 115 54 177 4 112 70 136 189 167 37 148 124 94 63 122 79 80 176 116 65 47 149 162 154 180 133 151 51 118 59 123 127 135 9 62 102 145 78 171 16 75 101 1 97 26 100 121 152 106 178 3 14 138 165 90 40 185 184 160 34 22 18 108 117 170 143 186 144 49 52 55 57 179 92 129 2 120 44 25 31 56 113 175 86 53 158 131 43 42 181 193 159
131;37;85236.00;166;37 148 124 94 137 23 89 186 15 102 49 178 106 52 55 167 122 63 79 80 176 51 118 5 42 160 48 54 177 184 149 44 16 171 175 113 31 78 145 40 119 165 185 120 75 86 70 127 135 154 180 158 53 121 100 26 101 1 3 138 14 144 151 84 4 112 123 162 133 152 129 57 90 81 196 179 92 2 97 59 65 116 43 181 34 22 159 193 41 139 115 198 46 68 117 0 143 183 9 62
132;49;87376.00;148;49 117 18 22 146 34 160 181 46 68 139 159 193 41 115 80 148 3 178 52 55 57 92 129 2 75 120 44 25 16 56 31 145 196 81 113 175 171 78 179 40 119 106 167 124 94 122 63 180 154 135 70 127 123 112 4 177 54 184 42 118 137 89 183 143 0 97 1 101 86 53 131 149 162 133 152 165 90 164 7 21 144 155 62 15 186 176 51 59 116 43 47 65 151 79 9 102 14 138 185
133;108;87980.00;159;108 68 16 171 175 113 31 165 14 144 15 186 89 183 137 124 94 97 1 129 92 40 185 51 59 116 5 41 193 159 22 151 121 100 26 86 101 75 57 55 52 178 106 145 78 25 44 120 2 152 167 49 102 62 9 148 63 127 84 48 34 181 160 184 35 65 115 198 46 0 143 117 93 140 176 80 122 79 133 162 123 149 131 47 43 42 54 177 4 112 70 135 154 158 53 180 118 139 69 18
134;118;84880.00;158;118 59 116 115 198 68 139 193 41 5 131 149 121 100 26 97 189 63 122 79 133 159 146 103 34 30 10 190 177 54 48 22 18 108 93 117 23 186 9 62 89 183 143 0 137 148 102 49 196 81 90 165 94 135 127 70 154 180 53 86 75 55 52 106 178 120 44 25 16 171 175 113 31 78 145 92 57 129 2 101 1 152 185 40 14 144 176 80 65 43 42 181 160 184 112 123 162 151 51 46
135;46;88650.00;173;46 139 115 118 51 176 63 182 121 100 86 75 16 171 175 25 44 120 26 162 123 127 112 149 131 43 184 54 160 34 181 183 89 137 59 116 42 159 22 18 108 93 117 143 0 133 135 70 154 180 158 53 165 40 185 179 82 101 97 189 124 148 9 102 14 138 106 178 49 167 152 1 2 57 55 52 122 79 151 65 47 5 41 193 68 23 62 144 21 90 81 113 56 31 78 145 92 129 94 80
136;27;85410.00;154;27 90 119 40 185 57 152 1 101 97 26 100 121 80 176 51 139 159 193 41 115 86 75 113 175 171 16 25 44 120 2 129 92 145 179 55 52 46 18 22 34 54 177 48 160 181 42 5 116 65 47 131 43 184 84 35 149 79 63 53 158 154 180 94 148 9 62 15 114 186 23 137 109 118 59 151 133 162 123 4 112 127 70 135 78 31 196 81 14 144 89 183 143 117 0 49 178 106 165 39
137;149;89875.00;142;149 131 65 116 96 41 193 5 42 181 34 160 54 184 43 55 52 178 49 62 9 124 94 63 162 123 127 194 79 122 80 46 68 139 18 108 117 143 0 189 121 100 26 86 53 133 151 59 118 176 167 57 179 92 129 146 22 159 115 144 14 138 106 165 40 185 31 113 56 196 90 81 175 171 16 78 145 2 101 158 180 135 70 154 75 44 25 120 1 97 152 148 15 114 186 23 89 183 137 51
138;39;83973.00;176;39 95 164 27 90 81 157 31 196 52 55 57 129 2 26 100 189 124 167 106 178 14 49 102 144 114 186 15 9 62 113 175 171 16 25 44 120 75 86 101 1 97 121 53 63 180 154 135 70 127 123 112 84 35 184 160 42 89 23 148 145 78 92 152 94 122 79 118 115 46 0 183 143 117 108 18 181 177 54 34 146 22 159 193 41 139 151 133 80 176 137 51 59 116 43 65 162 185 40 165
139;42;85039.00;140;42 0 143 117 108 18 22 34 30 54 177 48 160 43 116 131 149 123 151 51 176 94 171 175 113 56 16 44 120 75 86 26 101 1 2 129 92 57 179 145 31 78 25 55 52 46 68 139 41 193 159 146 181 5 115 9 62 102 49 148 118 59 65 47 35 84 127 70 135 162 133 79 154 180 63 80 137 183 89 186 144 14 138 39 90 81 40 119 165 185 106 178 152 97 53 112 4 190 10 184
140;75;87383.00;165;75 44 113 175 171 16 120 152 122 116 43 160 181 80 165 90 27 39 167 124 189 97 1 26 121 94 137 23 186 15 92 145 179 55 52 106 178 49 62 9 148 37 102 14 144 176 51 118 59 72 151 133 79 63 180 154 158 53 100 86 101 2 129 78 31 196 81 40 185 57 162 184 177 54 34 146 22 159 193 139 115 5 42 41 18 108 117 143 183 0 46 65 149 131 35 112 123 127 70 135
141;14;85883.00;160;14 144 89 183 143 117 93 140 68 198 139 184 10 177 54 48 160 159 193 41 115 59 176 80 79 178 106 165 39 164 27 90 152 97 1 75 44 16 171 175 113 52 62 9 120 25 78 31 81 196 145 92 124 94 26 100 53 70 127 123 112 131 149 162 135 154 180 133 151 108 18 22 146 34 181 42 5 43 116 65 63 121 86 101 2 129 57 55 167 148 137 51 118 46 0 23 186 49 185 40
142;81;86897.00;160;81 90 165 40 185 52 55 179 78 25 120 1 101 86 75 44 16 171 175 113 31 186 89 23 137 51 109 59 118 153 0 46 5 42 160 184 35 131 149 47 65 105 116 115 139 68 183 144 14 49 167 94 53 154 180 133 72 93 140 41 48 177 10 54 30 34 103 146 181 43 123 127 135 162 151 80 176 143 117 18 22 159 193 79 63 100 26 124 148 9 62 178 106 152 97 2 129 57 92 145
143;79;88851.00;156;79 94 185 119 40 31 56 113 175 171 16 149 43 116 65 59 102 49 14 144 62 9 137 42 181 22 146 34 160 193 41 115 139 159 18 108 93 117 183 89 124 101 75 44 25 120 167 148 23 186 114 15 3 178 106 55 57 129 92 179 145 78 82 2 1 127 112 177 54 184 123 154 121 100 26 196 81 90 165 52 152 97 86 53 158 180 63 122 80 51 118 46 0 143 176 133 135 70 162 151
144;159;85186.00;195;159 193 41 116 65 149 162 135 70 127 112 4 190 10 177 59 186 15 62 9 148 124 189 121 53 154 123 184 54 160 34 146 22 18 108 183 89 144 14 49 102 37 97 26 100 63 80 176 137 23 51 118 46 0 143 117 68 139 115 42 43 180 86 75 120 44 25 82 55 185 165 40 196 179 2 101 1 152 111 167 57 129 92 145 78 31 113 175 171 16 52 106 178 3 94 122 79 133 151 181
145;48;84993.00;161;48 42 115 137 148 196 81 90 119 40 31 16 171 175 113 164 7 21 144 102 49 14 165 185 179 57 167 124 94 63 180 154 158 53 121 152 178 106 145 78 25 44 120 75 177 10 190 4 112 123 127 70 135 100 26 1 101 86 162 65 47 43 116 59 118 51 151 133 79 80 176 46 68 198 139 41 193 159 181 160 184 149 97 2 129 92 55 52 62 9 186 23 89 183 143 0 18 22 34 54
146;148;87251.00;161;148 0 117 143 183 89 114 178 55 52 106 138 14 144 15 186 23 137 118 51 176 94 124 49 102 62 9 46 68 108 18 159 5 42 181 22 146 34 160 54 184 127 135 53 100 121 149 131 43 41 193 139 115 116 65 59 151 86 75 171 175 113 56 31 196 81 90 165 57 2 1 97 152 185 40 179 145 101 70 112 4 84 35 123 162 80 122 63 180 154 133 79 26 129 92 120 44 25 16 78
147;80;86670.00;146;80 176 148 49 185 40 145 78 25 44 120 75 180 162 59 118 183 89 186 15 102 157 31 113 175 171 16 178 3 167 19 121 53 158 154 135 70 127 123 149 131 43 42 116 65 51 137 23 0 143 117 184 177 54 160 34 146 22 193 41 139 46 115 151 133 129 92 57 179 196 81 90 27 164 39 165 2 101 86 26 100 122 79 63 182 189 55 52 106 138 14 144 62 9 37 124 94 97 1 152
148;55;83478.00;140;55 52 49 102 167 120 25 175 171 16 44 75 53 154 180 63 79 80 176 137 23 186 94 97 1 26 100 149 65 116 59 118 72 151 162 127 123 115 139 41 193 159 22 146 34 48 160 42 5 43 184 84 112 4 177 54 181 18 108 140 93 143 183 89 0 117 46 51 133 152 78 113 31 145 106 178 3 185 40 165 14 37 148 15 9 62 144 21 90 81 196 101 86 70 135 2 129 92 179 57
149;59;88003.00;152;59 116 65 47 43 160 34 48 54 177 151 133 79 63 124 148 9 144 14 52 55 57 92 186 23 46 139 41 115 118 167 106 178 49 102 62 15 89 183 137 176 80 94 129 31 113 175 171 16 78 145 44 120 75 51 68 108 18 193 123 135 70 127 112 84 184 131 149 162 180 86 101 1 100 26 97 152 185 119 165 39 27 90 40 179 2 121 53 158 154 42 181 146 22 159 117 170 143 153 0
150;1;89958.00;193;1 97 63 133 162 151 79 152 78 145 92 57 167 124 149 131 160 48 177 10 54 34 181 118 109 51 62 144 14 3 178 106 94 123 112 4 84 184 43 35 127 70 154 158 53 100 26 2 129 55 52 148 23 89 183 143 0 176 80 180 135 42 159 22 18 108 140 68 46 137 9 49 185 40 165 90 81 196 179 101 86 121 65 116 5 41 193 139 115 59 75 171 175 113 56 31 25 120 44 16
151;5;82350.00;149;5 42 181 41 51 176 52 55 57 92 26 53 158 154 180 185 90 81 31 113 175 171 16 78 25 44 120 82 129 2 74 152 97 1 101 75 86 100 121 63 122 79 162 123 149 65 116 59 118 137 23 186 15 144 102 49 167 124 94 135 70 127 112 4 177 54 48 34 160 184 131 151 133 80 148 14 165 119 40 196 145 179 106 178 62 9 114 89 183 143 0 139 193 159 22 18 68 46 115 43
152;47;89468.00;161;47 133 79 63 152 129 92 57 186 89 117 143 183 114 15 62 9 23 68 46 115 116 65 118 59 149 131 35 84 190 4 112 123 127 70 25 78 40 165 185 52 55 167 80 151 162 135 154 120 44 16 171 175 113 31 145 179 124 94 189 26 121 176 0 153 137 97 1 101 2 75 86 100 53 180 148 144 14 90 81 196 106 178 49 51 184 10 177 54 34 22 159 193 41 139 5 43 42 181 160
153;70;87213.00;155;70 127 112 184 160 42 5 115 118 72 151 133 180 53 120 25 40 185 49 62 9 148 94 80 176 153 143 183 89 186 23 137 122 63 154 135 54 34 22 18 108 159 193 41 43 105 116 65 47 162 86 75 44 16 171 175 113 31 78 57 0 117 93 140 68 139 46 15 165 90 27 164 21 14 144 102 1 101 2 129 92 145 179 55 52 106 178 167 152 97 26 100 79 51 109 59 149 131 35 123
154;52;88491.00;187;52 63 133 123 43 116 115 139 68 0 183 89 186 15 62 9 46 41 193 159 146 5 118 51 176 80 79 94 124 137 23 143 117 108 18 22 34 54 177 160 181 42 59 148 37 49 138 90 81 196 179 145 92 129 101 86 100 26 97 152 106 178 14 144 102 167 2 75 120 44 25 16 171 175 113 31 78 151 162 65 47 149 131 184 112 127 70 165 119 40 57 1 53 158 154 135 180 121 55 185
155;3;87056.00;174;3 178 165 90 81 31 113 175 171 16 75 154 135 127 70 158 86 101 78 145 129 63 133 162 65 116 59 72 118 115 198 139 68 46 109 51 176 57 92 179 40 119 185 106 52 55 124 94 79 123 112 84 184 42 43 47 151 80 102 14 144 62 9 148 152 97 26 100 1 2 120 25 44 53 180 149 131 160 48 190 10 177 54 34 146 22 159 23 186 89 183 143 0 117 41 193 18 108 137 49
156;57;87658.00;152;57 55 52 148 89 183 54 177 4 112 70 129 92 124 94 160 34 181 42 5 43 105 116 47 131 149 65 59 118 109 51 151 162 133 80 79 63 189 97 152 49 102 144 14 165 119 40 90 81 196 31 113 175 171 16 1 26 100 86 101 75 120 44 25 82 2 176 46 139 193 41 180 121 53 158 154 135 127 123 35 84 184 115 0 143 117 18 22 159 68 137 15 9 62 178 106 185 145 78 179
157;137;84388.00;194;137 51 159 22 34 181 42 59 80 124 148 15 114 186 23 143 117 93 193 41 198 46 0 183 89 144 14 138 40 185 102 62 94 122 63 53 121 100 26 97 1 152 167 52 55 57 92 129 2 82 120 44 25 78 31 56 113 175 171 16 75 79 176 68 108 18 139 115 118 151 133 180 154 135 70 127 123 162 149 131 65 116 43 184 160 54 177 112 86 101 145 81 90 27 165 106 178 3 49 9
158;189;87127.00;171;189 152 97 26 100 121 53 158 86 44 31 113 175 171 16 75 154 135 123 184 177 4 112 127 70 180 136 63 79 133 162 149 131 43 5 42 181 159 22 146 34 160 185 40 90 165 138 14 144 49 167 94 122 80 151 59 118 46 0 137 1 101 120 25 78 145 93 140 108 69 18 193 41 139 68 23 186 89 183 143 117 115 116 47 65 51 176 148 9 62 178 106 52 55 57 179 92 129 2 124
159;86;87484.00;170;86 53 180 47 65 116 139 68 117 93 108 18 22 159 193 41 42 43 154 75 44 120 1 101 100 26 152 167 102 144 186 23 89 114 15 62 9 148 63 135 127 123 35 131 149 162 133 79 80 176 51 118 137 49 14 178 106 165 90 81 40 119 185 52 179 196 56 113 175 171 16 31 25 70 112 184 177 54 48 160 34 181 0 143 183 55 57 92 129 2 97 121 151 59 115 46 94 124 145 78
160;81;83457.00;136;81 113 175 171 16 44 120 152 124 94 189 97 26 86 101 1 2 129 55 52 106 185 165 119 40 179 92 57 178 3 14 102 62 9 49 145 78 31 25 75 154 162 123 127 70 135 79 122 63 121 100 53 180 133 151 43 42 160 181 41 46 186 15 148 80 176 51 65 116 115 139 198 118 59 193 69 108 18 159 22 146 34 54 177 184 131 149 137 23 89 183 0 68 140 93 117 170 143 144 90
161;35;88811.00;153;35 84 112 127 70 100 26 97 63 79 94 92 78 145 179 144 89 183 0 118 51 14 165 40 185 106 178 49 139 41 193 18 69 108 90 81 196 31 113 175 171 16 25 44 120 152 186 23 153 143 117 93 140 159 181 160 184 177 54 34 146 22 195 5 42 43 151 133 80 176 62 9 180 135 154 53 86 75 101 1 2 129 57 55 52 167 148 137 46 68 198 115 59 162 123 131 47 116 65 149
162;100;89052.00;167;100 26 97 106 178 3 14 49 102 144 186 23 137 59 43 42 181 34 160 184 35 180 121 167 21 7 164 196 145 78 92 129 2 152 189 94 176 51 46 18 22 193 41 139 0 185 165 27 90 119 40 81 175 171 16 25 44 120 101 1 124 148 9 62 15 114 89 183 143 170 117 115 54 177 10 4 112 133 79 63 122 80 151 162 123 149 65 116 75 113 31 52 55 57 86 70 127 135 154 53
163;90;85306.00;186;90 165 185 106 178 79 133 184 160 42 5 115 59 80 124 148 9 15 114 89 183 143 117 68 41 34 54 177 10 190 84 4 112 123 127 70 135 154 53 100 26 121 180 162 149 43 116 65 151 63 57 92 129 2 1 97 101 86 75 120 44 25 78 145 179 167 176 46 139 198 118 51 94 152 16 171 175 113 56 31 196 55 52 49 102 62 0 108 69 18 22 146 159 193 137 23 186 144 14 40
164;112;88542.00;155;112 84 184 177 54 160 42 5 63 78 31 56 113 25 44 100 26 97 167 49 3 178 106 1 101 120 82 57 55 52 14 144 183 143 117 46 115 59 118 109 51 162 149 131 43 181 34 146 22 18 108 139 133 180 158 154 135 127 70 53 86 145 179 92 129 2 152 124 148 9 62 15 89 0 68 193 41 23 186 137 176 80 116 65 151 79 94 185 40 119 165 90 81 196 175 171 16 75 123 4
165;68;86161.00;158;68 139 41 193 69 108 18 159 181 160 184 35 162 133 94 124 55 52 49 102 15 186 89 23 100 26 120 44 25 82 92 57 129 2 101 1 97 152 167 14 144 62 9 148 80 79 180 154 135 127 123 43 5 115 0 143 183 137 51 176 3 178 106 31 16 171 175 113 81 90 165 119 40 185 196 179 116 42 195 22 146 34 54 177 4 112 70 53 86 75 78 145 121 63 151 149 65 59 118 46
166;26;91508.00;165;26 1 97 121 122 80 137 89 183 143 117 0 118 51 176 55 52 185 106 178 3 49 9 41 193 159 22 139 62 144 14 196 31 157 81 90 27 119 40 57 101 158 154 135 180 94 124 167 148 162 184 160 34 48 54 177 112 16 171 175 113 78 92 129 82 2 152 189 151 59 116 65 131 149 123 127 70 133 79 63 53 86 75 120 44 25 145 179 165 39 164 7 21 186 23 46 115 42 43 100
167;25;87695.00;151;25 44 160 48 54 34 193 41 115 116 59 51 176 80 79 122 63 121 26 100 53 180 135 154 158 86 75 120 106 178 167 123 177 10 127 70 101 1 97 124 94 133 65 47 43 5 42 184 84 4 112 137 23 89 183 143 0 117 93 140 68 139 198 46 118 151 162 149 181 146 22 18 144 14 138 90 81 179 145 78 92 129 57 55 49 62 9 148 152 2 52 185 165 40 196 31 113 175 16 171
168;55;84573.00;161;55 106 52 92 31 113 175 171 16 44 78 145 179 185 40 90 165 14 144 143 117 93 108 18 176 80 122 79 133 151 162 123 127 70 135 180 63 94 124 167 102 62 9 37 148 59 160 48 177 54 34 146 22 159 139 46 0 183 89 23 152 97 1 86 26 100 35 184 84 4 112 136 182 121 53 158 154 149 131 65 116 43 42 181 193 41 115 118 51 137 15 49 3 178 129 2 101 75 120 57
169;162;91416.00;161;162 180 154 158 53 121 100 26 1 101 86 75 44 16 171 175 78 89 183 0 68 139 115 65 149 123 127 70 135 148 102 49 3 178 106 31 113 56 157 196 81 185 55 57 152 189 63 79 151 159 22 18 108 117 143 186 15 62 14 138 52 92 129 97 133 160 34 54 184 43 116 176 40 119 165 9 137 118 59 109 51 80 122 94 124 2 120 25 145 90 27 164 144 23 46 41 193 181 42 131
170;144;81841.00;175;144 14 138 165 185 52 55 57 129 2 152 97 1 101 26 100 53 86 75 120 44 25 78 145 179 178 148 137 0 117 93 108 18 159 22 146 195 42 43 116 65 59 118 162 127 123 149 131 184 35 135 63 94 124 89 183 143 68 193 41 181 34 160 54 177 4 112 70 154 180 16 171 175 113 31 92 167 80 79 133 151 176 51 115 139 198 46 23 186 9 62 40 119 90 81 157 196 106 49 102
171;51;83496.00;166;51 79 100 101 86 53 180 162 35 184 181 22 34 54 177 48 160 59 118 0 143 117 193 41 139 46 137 23 186 106 52 55 179 92 57 158 154 135 70 127 123 112 43 42 159 18 108 68 176 80 63 121 26 97 1 75 2 152 167 148 15 9 62 102 49 178 3 138 14 144 183 89 114 165 185 40 90 81 196 113 175 171 16 31 145 78 25 44 120 82 129 124 94 133 151 149 131 65 116 115
172;9;85765.00;174;9 52 55 57 2 97 121 123 184 54 177 10 162 133 79 63 167 178 3 14 144 62 137 176 51 59 42 160 43 116 65 151 148 185 40 165 27 90 81 196 31 145 78 120 44 25 113 175 171 16 75 101 1 26 100 53 180 135 154 158 86 129 92 179 106 49 102 186 89 183 143 0 149 131 35 84 4 112 127 70 189 152 124 94 80 118 115 139 108 18 159 193 41 181 34 146 22 46 23 15
173;154;82939.00;168;154 158 53 63 133 151 46 0 143 117 68 139 115 59 162 78 31 113 175 171 16 70 112 4 10 177 54 48 181 42 116 118 51 15 14 138 165 90 21 144 62 9 52 55 57 129 92 145 179 196 40 185 106 178 49 102 148 176 72 65 47 43 184 160 34 146 22 18 108 159 193 41 131 149 123 127 135 100 26 97 1 101 86 75 44 25 120 2 152 94 124 137 23 186 114 89 183 80 79 180
174;59;84015.00;154;59 118 151 133 180 158 53 86 101 75 120 44 25 16 171 175 92 57 148 42 160 48 181 41 115 51 152 129 82 2 1 154 135 70 127 123 112 184 190 10 177 54 30 34 146 22 18 108 69 159 193 139 46 9 62 102 49 106 185 196 81 90 119 40 145 78 31 113 56 165 14 144 89 183 143 0 137 176 80 79 122 63 94 124 167 178 52 55 97 26 100 162 149 131 77 43 105 116 47 65
175;68;87659.00;149;68 46 118 51 176 14 138 165 27 90 40 106 178 52 55 57 129 120 78 145 179 185 196 81 113 56 31 92 167 148 124 94 180 135 10 177 54 160 181 41 23 186 15 62 9 26 100 75 16 175 171 44 2 152 193 159 22 34 84 4 112 123 127 70 154 86 101 1 97 121 53 158 133 151 59 115 139 69 18 108 93 117 89 144 102 49 63 149 184 42 43 116 65 162 79 80 137 183 143 0
176;116;88604.00;172;116 65 47 77 131 149 137 144 14 49 102 148 124 189 97 1 152 106 178 186 89 183 108 18 139 46 68 117 143 0 115 41 193 42 43 123 162 151 80 122 79 133 54 177 10 190 4 112 127 70 158 53 86 75 44 120 101 26 100 121 63 94 9 62 78 31 113 175 171 16 25 180 160 34 146 22 159 181 184 135 154 2 129 145 196 40 165 185 52 55 179 92 57 176 51 118 59 96 5 105
177;75;84399.00;162;75 86 180 159 22 34 54 177 184 48 160 181 42 43 51 176 80 133 135 149 116 115 41 193 139 23 186 52 55 44 25 78 145 179 196 81 40 185 106 178 3 165 90 27 164 21 138 14 144 62 102 49 57 92 129 152 189 63 79 122 114 15 9 148 167 124 94 121 53 158 154 70 127 123 131 47 65 59 72 162 151 118 46 0 143 183 89 137 100 26 97 1 101 2 120 31 113 175 171 16
178;180;84608.00;167;180 154 135 162 59 118 72 151 122 167 106 178 49 37 148 176 80 63 86 75 120 82 145 179 52 55 152 121 100 26 97 1 101 2 129 78 157 31 56 113 175 171 16 44 25 92 57 9 62 144 14 102 124 94 79 133 123 112 84 184 43 116 0 143 117 46 115 42 160 54 34 181 18 108 41 193 159 22 146 195 139 183 89 186 165 90 81 196 40 185 15 137 51 65 131 149 127 70 53 158
179;101;88387.00;146;101 86 75 16 171 175 113 81 196 14 144 15 186 46 139 68 117 143 0 109 72 127 70 135 194 162 151 133 79 122 63 94 148 49 165 90 119 40 185 106 178 52 55 80 59 116 65 47 154 180 158 53 136 121 124 167 57 179 31 78 145 92 129 123 149 131 43 42 184 177 10 4 112 35 51 176 137 23 89 183 114 62 9 41 193 22 146 34 160 115 118 100 26 97 152 2 120 25 44 1
180;46;84476.00;156;46 137 165 90 40 185 138 14 2 1 97 26 100 167 9 62 144 89 183 143 23 186 15 148 152 101 86 75 120 92 106 178 49 102 124 94 176 0 117 108 18 68 115 43 184 54 48 160 59 151 133 79 63 121 53 154 135 70 127 123 162 149 131 47 65 116 5 42 181 34 146 22 159 193 139 41 177 10 190 4 112 180 44 25 16 171 175 113 31 78 145 179 52 55 57 129 80 51 118 198
181;4;84838.00;157;4 84 184 48 177 190 10 54 30 34 160 35 123 127 135 154 180 63 79 115 41 96 5 42 176 137 49 106 179 145 78 44 120 75 86 26 94 124 148 37 9 62 15 80 133 162 149 131 77 28 43 105 116 47 65 59 151 51 118 46 139 193 181 146 22 159 18 108 117 143 0 97 101 1 152 2 92 57 178 14 144 186 89 183 23 55 52 185 40 165 90 81 196 31 113 175 171 16 53 112
182;26;88105.00;151;26 94 137 23 0 139 22 193 41 186 114 15 148 124 133 162 149 65 116 42 5 115 144 49 14 138 185 196 31 175 113 56 81 90 165 119 40 3 178 106 52 55 145 78 171 16 25 44 158 127 4 10 177 54 160 34 181 51 80 79 75 120 82 92 179 57 129 2 123 112 84 35 184 43 59 118 72 151 135 70 154 180 53 100 101 1 97 121 63 176 46 68 117 143 183 89 62 9 152 86
183;9;85324.00;166;9 179 113 175 171 16 86 26 167 106 165 90 39 3 49 102 148 137 176 51 46 68 0 170 143 117 93 139 115 162 135 123 181 146 22 18 108 183 89 186 144 178 55 52 8 119 40 185 57 129 2 1 97 101 75 44 25 120 152 124 94 80 72 59 65 116 43 42 160 34 48 54 177 10 190 184 193 41 118 151 133 79 122 63 53 158 154 180 121 100 92 145 78 31 157 196 81 138 14 62
184;46;86174.00;169;46 23 15 62 144 102 49 3 178 106 52 55 57 179 145 92 129 152 97 1 101 2 120 44 25 196 40 165 185 124 53 180 154 70 135 194 127 149 65 116 41 193 159 139 118 79 94 90 164 21 14 186 117 93 140 0 137 176 51 43 160 34 22 18 108 143 183 89 153 68 5 42 184 54 177 112 123 162 151 80 148 9 167 78 31 56 113 175 171 16 75 86 26 100 121 63 133 59 115 198
185;152;88679.00;148;152 135 70 127 162 51 118 59 115 139 198 46 0 137 23 89 183 143 117 93 108 18 193 41 120 25 175 113 56 31 78 2 1 101 26 100 86 75 44 16 171 145 179 102 144 114 186 68 159 22 34 54 160 43 131 149 47 116 65 151 133 55 52 49 14 138 165 40 185 57 123 112 184 181 42 5 176 15 62 9 148 124 94 53 158 154 180 79 80 122 63 121 97 129 92 81 90 106 178 167
186;51;89814.00;165;51 118 115 5 42 43 57 55 52 49 102 37 148 124 94 80 176 151 133 53 86 75 171 16 70 112 84 184 160 34 22 159 41 129 78 31 175 113 81 90 165 178 3 62 9 137 153 0 170 143 89 23 186 15 14 119 40 185 92 2 1 101 100 26 97 152 120 44 25 145 179 106 138 95 164 7 21 144 183 117 93 108 69 18 193 139 46 59 180 154 162 65 116 149 123 127 135 79 122 63
187;179;85282.00;162;179 145 78 25 31 157 196 92 129 2 101 1 152 52 106 178 3 138 14 144 143 117 93 68 115 116 65 59 118 51 194 70 75 120 82 57 55 89 183 0 46 139 181 34 146 22 193 41 42 43 149 162 151 133 123 127 112 4 177 54 48 160 184 131 80 79 63 94 124 148 37 167 97 26 100 121 86 44 16 171 175 113 81 90 27 165 40 185 49 102 15 137 176 53 158 154 135 180 9 62
188;152;81833.00;171;152 97 1 101 86 26 100 121 53 63 79 133 162 151 72 51 41 193 18 108 139 68 46 198 115 118 59 116 65 131 149 123 154 158 2 120 75 70 127 112 84 184 43 42 181 22 146 34 160 48 54 177 10 190 4 135 180 189 167 55 52 185 40 119 165 90 27 164 14 178 57 92 145 78 31 81 196 106 49 144 183 143 117 0 137 176 80 94 124 148 62 129 44 16 171 175 113 56 25 82
189;25;86061.00;161;25 44 120 129 2 1 97 26 189 137 0 117 46 35 84 184 42 5 43 131 149 133 79 94 124 148 15 9 62 144 102 49 14 3 178 106 52 55 186 23 139 159 22 146 181 34 160 54 177 112 127 70 135 123 162 154 180 75 175 113 31 92 152 151 115 193 41 116 65 59 118 109 51 176 80 122 63 121 100 101 86 53 89 183 143 108 18 68 57 179 185 40 165 90 81 196 145 78 171 16
190;175;84056.00;168;175 171 16 78 148 186 23 137 176 122 63 79 80 51 118 115 41 193 159 22 139 68 46 15 9 62 102 138 165 27 90 40 185 14 144 114 89 183 143 117 93 0 49 52 179 145 120 75 86 101 1 152 94 189 121 53 158 154 135 70 127 116 43 184 10 177 54 160 34 181 42 35 84 112 123 162 151 133 180 100 26 97 2 129 92 57 55 106 178 167 124 149 131 47 65 59 44 25 31 113
191;115;84715.00;169;115 139 68 117 46 51 176 137 15 62 178 106 167 152 97 26 100 86 158 135 84 190 10 184 42 181 34 160 54 30 177 4 112 70 53 94 148 9 102 49 52 55 57 179 40 119 185 124 80 79 63 180 154 162 47 43 5 41 193 159 146 22 18 108 23 144 14 165 90 81 31 113 175 171 16 75 101 2 129 120 44 25 78 145 92 1 133 151 59 118 0 143 183 89 116 65 131 149 123 127
192;136;86770.00;200;136 162 149 184 54 160 34 181 42 137 186 15 62 9 167 2 82 129 92 57 185 119 40 179 145 78 31 196 81 90 165 106 178 148 140 93 117 143 170 0 46 118 59 115 139 68 183 89 23 124 94 152 120 25 44 75 86 127 123 112 35 43 116 65 151 133 135 70 154 100 26 101 1 97 49 144 14 52 55 56 113 175 171 16 146 22 159 41 193 18 108 51 176 80 79 63 180 158 53 121
193;127;88488.00;154;127 35 184 43 42 5 41 115 135 70 86 97 152 124 148 9 62 80 176 137 183 89 23 186 114 15 120 44 25 78 138 14 144 143 0 139 193 159 22 34 160 131 149 151 133 162 123 112 4 177 54 181 46 55 179 145 82 2 1 121 136 53 158 154 180 63 79 65 116 59 118 51 94 129 92 57 185 165 39 27 90 40 81 196 31 113 175 171 16 75 101 167 102 49 3 178 106 52 26 100
194;153;90071.00;167;153 143 117 68 43 35 112 70 135 97 152 129 55 52 106 178 49 62 9 15 186 23 137 118 184 177 54 160 42 183 89 144 14 138 40 185 179 57 92 2 1 101 86 75 120 25 78 145 196 81 90 165 148 176 51 72 151 133 162 194 127 123 149 115 139 46 79 100 26 44 16 171 175 113 31 0 93 108 69 18 193 41 59 180 53 154 65 5 159 22 146 34 181 116 63 121 189 124 94 80
195;55;90538.00;171;55 185 119 165 14 144 114 186 137 80 79 122 15 62 9 148 124 189 121 94 12 23 89 183 143 117 0 46 42 181 34 160 43 2 78 145 196 40 27 90 81 157 31 179 57 92 129 152 63 133 162 180 53 100 26 158 154 135 127 123 149 47 65 116 59 151 97 113 175 171 16 44 120 115 41 193 22 18 139 118 109 51 167 52 106 178 49 176 131 184 54 177 10 4 112 70 86 75 101 1
196;16;83775.00;170;16 171 175 113 31 145 179 57 55 52 49 14 138 3 178 106 185 92 129 2 101 1 97 152 94 124 12 122 79 133 123 112 4 84 184 59 51 118 115 193 159 181 34 160 42 43 116 47 65 151 63 53 180 135 127 70 154 158 86 26 100 121 80 176 137 89 183 143 117 18 22 146 54 177 10 190 148 9 62 144 0 46 68 139 41 96 5 131 149 162 75 120 81 90 165 40 78 25 44 82
197;183;85996.00;174;183 143 117 0 46 139 41 181 42 5 120 44 25 16 171 175 113 31 78 145 196 81 90 27 165 138 14 49 102 62 9 148 180 154 135 123 149 131 43 116 65 124 167 3 178 106 52 55 53 127 112 84 184 160 34 48 54 177 10 4 70 86 75 101 1 97 26 100 121 63 79 151 115 18 22 159 193 176 57 179 92 129 2 152 94 80 51 118 59 162 133 185 40 144 15 186 137 23 89 114
198;18;86873.00;159;18 108 69 42 43 116 65 149 131 184 177 54 160 34 181 159 193 41 139 115 59 1 101 75 86 70 123 162 133 135 154 31 113 175 171 16 25 44 167 148 186 89 183 114 62 9 15 23 0 117 143 144 14 185 81 196 78 145 179 40 119 165 138 102 137 51 118 151 63 180 158 53 100 26 97 152 2 120 129 92 57 55 52 106 178 3 49 124 176 80 79 122 94 90 27 164 46 68 146 22
199;1;84713.00;208;1 97 152 167 52 185 40 106 178 49 176 51 59 118 137 102 90 81 196 80 151 65 116 43 115 46 0 183 89 144 14 165 119 31 113 175 171 16 129 101 26 100 53 154 70 112 4 177 184 123 149 131 5 41 193 159 22 146 181 34 160 162 133 79 122 63 94 124 148 9 62 15 186 23 143 117 93 140 108 18 69 139 42 48 30 54 135 180 86 75 120 44 25 78 145 179 55 57 92 2
200;89;88526.00;169;89 183 143 93 68 193 41 181 34 22 18 139 122 97 1 152 124 12 176 51 59 149 131 112 84 35 184 54 177 70 75 120 44 25 78 145 157 31 56 113 175 171 16 86 162 47 65 137 15 144 14 138 185 179 92 129 2 101 121 63 94 167 178 106 52 55 57 158 154 135 123 160 42 43 116 80 196 81 90 40 119 165 49 102 62 9 37 148 26 100 53 180 79 133 151 118 115 46 117 0
